date,location
2014-08-31 11:00:03-05:00,"(32.36830455, -92.01185168)"
2014-09-19 00:00:00,"(32.447999, -93.673639)"
2015-07-27 00:00:00,"(32.57561, -97.096532)"
2016-09-17 11:31:00-05:00,"(32.613584267, -96.9709378481)"
2016-08-20 17:05:00-05:00,"(40.286312, -96.826208)"
2017-04-15 12:12:00-05:00,"(29.7660073056, -95.5841463333)"
2017-08-16 15:06:03-05:00,"(41.71383949, -88.27604148)"
2017-08-12 12:40:00-05:00,"(38.9462283333, -92.4465733333)"
2017-09-11 14:14:11-05:00,"(33.7894837093, -89.8636621424)"
2017-09-15 14:13:10-05:00,"(41.58440984, -90.34108233)"
2017-10-12 15:44:17-05:00,"(44.8942598473, -93.3764941675)"
,"(40.154135, -83.027184)"
,"(40.15558, -83.18844)"
1975-01-01 12:00:00-05:00,"(43.3176493678, -80.3138002753)"
2018-06-03 12:35:32-05:00,"(41.29180833, -96.04031821)"
2018-06-09 10:37:09-05:00,"(32.6974166667, -97.4511966667)"
2017-09-26 15:17:00-04:00,"(39.2045694444, -87.4494555556)"
2017-08-10 13:35:36-04:00,"(40.2624133333, -85.1513528333)"
2017-09-06 12:25:27-04:00,"(40.2730966667, -86.8811866667)"
2017-09-07 11:42:08-04:00,"(39.9060143426, -86.6564372437)"
2017-09-12 16:23:32-04:00,"(40.881295, -87.4911716667)"
2017-09-26 15:17:13-04:00,"(39.20457, -87.449455)"
2017-07-21 12:14:00-04:00,"(40.2626583333, -85.1511916667)"
2016-06-25 09:46:00-04:00,"(40.2729618392, -86.8812413963)"
2018-06-28 15:40:16-05:00,"(40.6017328101, -90.3309113347)"
2018-06-28 10:26:51-05:00,"(41.1372302, -96.12955773)"
2018-07-05 13:09:34-05:00,"(40.7781673456, -89.6353101824)"
2018-07-09 19:45:36-05:00,"(29.7847170336, -95.4365506769)"
2018-07-14 09:54:06-05:00,"(32.6858583333, -97.3749133333)"
2018-07-16 10:10:03-05:00,"(29.8519397294, -96.0258884077)"
2018-07-16 10:16:59-05:00,"(29.8510003276, -96.0257356056)"
2018-07-16 11:58:26-05:00,"(29.8146075709, -96.0841629189)"
2018-07-16 12:07:30-05:00,"(29.8148633447, -96.0842424632)"
2018-07-16 12:12:56-05:00,"(29.8148257938, -96.0844893102)"
2018-07-20 20:35:38-05:00,"(29.7616924905, -95.6060315018)"
2018-07-20 20:38:16-05:00,"(29.7617493198, -95.6060248801)"
2018-07-21 20:04:00-05:00,"(29.761782, -95.606857)"
2018-07-21 12:28:00-04:00,"(41.8613583333, -83.6706277778)"
2018-07-22 07:16:12-05:00,"(29.7622194188, -95.5873690267)"
2018-07-26 09:46:00-10:00,"(33.7222616029, -90.9634992996)"
2018-07-31 19:09:00-05:00,"(40.4389111111, -89.054275)"
2018-07-13 18:28:00-05:00,"(43.0635789999, -88.860098)"
2018-08-04 18:52:41-04:00,"(38.0674171448, -78.8880004883)"
2018-08-04 00:00:00,"(41.209843, -89.325333)"
2018-08-05 15:32:24-05:00,"(44.7567193527, -93.1496348781)"
2018-08-10 18:29:59-04:00,"(43.9332482842, -73.3254779251)"
2018-08-11 09:33:02-05:00,"(44.81234138, -93.11921421)"
2018-08-20 14:11:19-05:00,"(44.7204199015, -94.4831777551)"
2018-08-27 12:34:34-05:00,"(46.3515504124, -94.2038079166)"
2018-08-21 12:01:39-05:00,"(44.17427724, -96.30753901)"
2018-09-03 10:28:00-05:00,"(29.725687, -95.710693)"
2018-09-12 10:26:50-05:00,"(43.4269355, -97.2532161)"
2018-10-27 15:32:33-04:00,"(38.066368103, -78.8844451904)"
2018-05-16 15:15:00-04:00,"(40.383475, -86.8590222222)"
2017-08-10 13:25:00-04:00,"(40.2622, -85.1511527778)"
2017-08-10 13:35:00-04:00,"(40.2624138889, -85.1513527778)"
2018-09-30 11:08:00-04:00,"(38.8994416667, -92.4646016667)"
2019-04-27 09:41:00-05:00,"(29.5344444444, -94.765)"
2019-05-15 13:14:14+00:00,"(40.0575611667, -94.4591666667)"
2010-05-28 11:25:00-05:00,"(42.0307812, -93.6319131)"
2019-05-29 11:00:29+00:00,"(41.8518985296, -95.6090866216)"
2019-06-18 13:04:49-05:00,"(47.8022399577, -96.5905446969)"
2019-06-24 15:57:09+00:00,"(41.1636596154, -91.9646856212)"
,
2019-07-10 10:25:42+00:00,"(40.8419796, -96.4698207)"
2019-06-30 11:02:00-04:00,"(39.2262866667, -93.251325)"
2019-07-19 14:00:26-04:00,"(41.206905, -73.8966216667)"
2019-07-25 07:52:39-05:00,"(30.29046948, -97.71063754)"
2019-06-10 19:13:00-04:00,"(43.114875, -89.5493861111)"
2019-07-27 18:38:00-04:00,"(41.860817169, -83.6661099122)"
2019-07-24 14:07:39-05:00,"(41.30159, -88.148188)"
2019-07-31 18:10:22-05:00,"(43.0536117554, -96.1774978638)"
2019-08-06 13:11:00-05:00,"(43.1212091, -89.6731696039)"
2019-08-10 16:25:00-05:00,"(40.5694273507, -89.3184777829)"
2019-08-17 09:37:00-05:00,"(32.6642133333, -97.4473983333)"
2019-09-07 15:33:07-04:00,"(39.8956565857, -86.1688613892)"
2019-09-08 11:00:00-05:00,"(38.93692, -95.3383313889)"
2019-09-08 11:03:00-05:00,"(38.93692, -95.3385347222)"
2019-08-16 12:35:00-05:00,"(29.5382768222, -96.0349853812)"
2019-10-04 13:12:07-04:00,"(41.3018833333, -73.97792)"
2013-10-14 07:57:00-05:00,"(34.66707, -93.04059)"
2015-09-27 12:37:00-05:00,"(33.41225, -93.76131)"
2019-10-18 09:25:23-05:00,"(36.4123056829, -90.6274835207)"
2019-10-18 12:49:00-05:00,"(39.9817598206, -89.837105602)"
2014-08-12 11:14:00-04:00,"(46.7739638889, -96.6474388889)"
2014-08-12 11:18:00-04:00,"(46.7743111111, -96.6480722222)"
2014-08-12 11:41:00-04:00,"(46.7740388889, -96.6482083333)"
2014-08-18 12:53:00-04:00,"(46.2375645442, -97.0204526376)"
2010-08-20 16:25:00-05:00,"(31.8081281696, -85.9699488083)"
2019-10-24 16:41:21-04:00,"(42.92814167, -79.95408667)"
2011-07-30 13:21:00-05:00,"(29.9715265212, -93.0993622362)"
2019-07-26 00:00:00-05:00,"(35.33076, -90.22704)"
2020-06-04 10:37:00-05:00,"(43.1015056072, -96.1704608226)"
2020-06-16 15:04:31+00:00,"(34.3779216009, -89.5477964916)"
2020-06-30 11:38:00-05:00,"(32.6827530602, -97.3738616674)"
2020-07-15 10:09:07-05:00,"(34.5285119722, -90.5719339722)"
2020-07-17 09:36:25-05:00,"(44.71794167, -93.1162805)"
2020-07-16 12:20:00-05:00,"(30.1713888461, -97.6720707485)"
2020-07-17 10:03:18+00:00,"(44.96821667, -96.967095)"
2020-07-18 09:29:48-04:00,
2020-07-20 13:16:00-10:00,"(42.298484236, -85.1636742259)"
2020-07-23 13:02:55+00:00,"(42.2265253683, -93.9050810099)"
2020-07-21 09:41:15-10:00,"(34.545875, -90.5522619722)"
2020-07-20 15:56:05-05:00,"(34.557563, -90.561484)"
2020-07-20 12:01:18-05:00,"(34.5472719722, -90.555829)"
2020-07-26 10:37:57-05:00,"(44.75890833, -93.18551667)"
2020-07-22 10:13:13-05:00,"(34.39958833, -90.61015333)"
2020-07-22 09:27:28-05:00,"(34.39916667, -90.609755)"
2020-07-14 09:56:42-05:00,"(34.5278589722, -90.571994)"
2020-07-28 17:42:34-05:00,"(44.72084667, -93.1370695)"
2001-09-12 16:16:00-04:00,"(42.027996668, -82.7419283448)"
2001-09-21 15:54:00-04:00,"(41.8276953862, -82.6391616148)"
2001-09-22 18:17:00-04:00,"(41.8263166294, -82.6404060756)"
2020-08-01 09:43:00-04:00,"(42.9502447222, -81.4030213889)"
2020-08-03 10:35:49-05:00,"(44.7207711261, -93.1362143442)"
2020-08-04 11:52:47-05:00,"(34.212779, -90.856792)"
2020-08-04 11:50:01-05:00,"(34.213725, -90.85592833)"
2020-08-04 10:23:41-10:00,"(34.2053939722, -90.8587079722)"
2020-08-03 16:11:09-05:00,"(34.19372167, -90.867845)"
2020-08-03 16:10:01-05:00,"(34.19381667, -90.86798)"
2020-08-03 15:55:11-05:00,"(34.193589, -90.868185)"
2020-08-03 15:22:44-05:00,"(34.19471333, -90.86657)"
2020-08-17 00:00:00,"(33.6093190068, -91.1580523794)"
2020-08-18 12:23:00+00:00,"(44.9061138889, -93.1941388889)"
2020-08-20 08:44:24+00:00,"(43.1817122222, -89.2243641667)"
2020-08-20 08:46:19-05:00,"(44.75100833, -93.08036117)"
2020-08-19 12:28:00-10:00,"(42.2981121101, -85.1647910938)"
2020-08-20 16:16:32-05:00,"(44.85281667, -93.35803833)"
2020-08-21 10:59:42-04:00,"(38.906295, -76.96041167)"
2020-08-22 08:18:21-05:00,"(44.06542217, -92.75419667)"
2020-08-16 11:48:50-05:00,"(33.5826277542, -91.1591970921)"
2020-08-23 08:56:00-04:00,"(42.9499913889, -81.4026130556)"
2020-08-24 15:32:16+00:00,"(40.5310879975, -89.006128159)"
2020-08-16 12:00:40-05:00,"(33.583355087, -91.1581356078)"
2020-08-16 14:52:27-05:00,"(33.5778839722, -91.165767)"
2020-08-16 15:31:12-05:00,"(33.578954, -91.164454)"
2020-08-16 16:49:00-05:00,"(33.582379, -91.159147)"
2020-08-26 17:08:17-05:00,"(44.75865333, -92.87062833)"
2020-08-26 17:09:06-05:00,"(44.75837833, -92.870955)"
2020-08-27 18:29:26+00:00,"(36.1333305, -96.42674167)"
2020-08-17 09:11:22-05:00,"(33.6153369722, -91.1597)"
2020-08-17 10:13:52-05:00,"(33.615929, -91.1594979722)"
2020-08-29 16:42:58-04:00,"(39.6565132943, -86.2380842804)"
2020-08-30 11:13:02-05:00,"(43.6023502692, -91.2696882087)"
2020-09-02 10:53:51-05:00,"(44.5135, -92.95028)"
2020-08-20 09:55:33-05:00,"(33.39977, -91.12612783)"
2020-08-29 00:00:00,"(33.2910359714, -91.1629569086)"
2020-08-29 13:19:33-05:00,"(33.2611509722, -91.1193329722)"
2020-09-05 08:26:37-05:00,"(44.739205, -95.43422)"
2020-09-06 14:38:00-05:00,"(34.62149, -92.8996)"
2020-09-06 10:23:14-05:00,"(43.1240305, -88.91573333)"
2020-09-06 10:13:52-05:00,"(43.1237945, -88.91587)"
2020-09-06 10:22:36-05:00,"(43.1239445, -88.915755)"
2020-09-06 10:13:56-05:00,"(43.12380283, -88.91587)"
2020-09-06 11:24:00-04:00,"(42.7134027778, -84.4302888889)"
2020-08-30 13:02:00-05:00,"(33.241885, -91.1041989722)"
2020-08-18 16:26:00-05:00,"(33.5953159722, -91.139757)"
2020-08-18 11:30:00-05:00,"(33.60126, -91.1392879722)"
2020-09-15 11:02:00-04:00,"(43.8466764772, -77.1290529396)"
2020-09-15 11:09:00-04:00,"(43.8459395501, -77.1293569312)"
2020-09-17 12:18:15+00:00,"(36.9114807565, -94.8263395604)"
2020-09-16 15:54:00-05:00,"(44.9708694444, -93.3763805556)"
2020-09-19 13:43:52-05:00,"(44.8998850398, -94.2970301025)"
2020-09-23 07:42:00-05:00,"(30.281175, -97.7235416667)"
2020-09-24 17:17:40-05:00,"(44.77798333, -93.16631383)"
2020-09-19 11:28:00-05:00,"(34.5382279722, -90.568948)"
2020-09-19 11:19:00-05:00,"(34.5380139722, -90.5684279722)"
2020-08-20 09:20:00-05:00,"(33.3998444444, -91.1262805556)"
2020-08-20 09:31:00-05:00,"(33.3996277778, -91.126075)"
2020-10-01 11:55:18+00:00,"(47.1306457494, -96.9887847903)"
2020-09-30 10:32:00-05:00,"(46.836075, -96.840325)"
2020-10-04 16:16:00-05:00,"(39.0130563889, -95.3077713889)"
2020-10-04 13:24:23-04:00,"(41.40914167, -73.941575)"
2020-10-16 13:15:34-05:00,"(43.0581000666, -87.8942106761)"
2020-10-21 10:55:44-05:00,"(42.0994269829, -87.8206107376)"
2020-10-21 10:56:41-05:00,"(42.09940886, -87.82059218)"
2020-10-27 14:29:09-05:00,"(31.60901667, -91.51560333)"
2018-09-02 10:11:00-10:00,"(39.980126, -76.46959)"
2020-10-24 12:21:00-05:00,"(29.5382768222, -96.0349853812)"
2020-09-26 15:04:00-05:00,"(34.4062899722, -90.599834)"
2020-08-15 12:15:00-05:00,"(30.3975805556, -97.6670694444)"
2013-10-09 15:54:00+02:00,"(44.79435, 10.32279)"
2020-12-27 15:42:00-06:00,"(29.5382768222, -96.0349853812)"
2021-03-05 18:09:21-06:00,"(44.799725, -93.425195)"
2020-07-31 10:32:25+00:00,"(44.89685302, -93.19117508)"
2021-06-15 12:43:01-07:00,"(37.2120783333, -120.560775)"
2021-07-17 08:23:29-05:00,"(43.9270324707, -93.952911377)"
2021-07-19 13:13:00-05:00,"(42.9219819722, -88.8256489722)"
2021-07-22 07:35:06+00:00,"(35.5341333333, -97.613275)"
2021-07-27 07:52:39-05:00,"(43.9270210266, -93.9529495239)"
2021-07-15 16:44:09-10:00,"(30.196505, -97.7957833333)"
2021-08-01 11:43:02-05:00,"(44.83485, -93.4750583333)"
2021-08-04 13:38:56+00:00,"(43.2361895781, -97.500322425)"
2021-07-30 08:33:00+00:00,"(38.894382, -92.2072789722)"
2021-08-09 08:15:21-05:00,"(38.8932116667, -92.211625)"
2021-08-11 18:33:42-05:00,"(44.1708377118, -93.9397942275)"
2021-08-11 18:52:53-05:00,"(44.1707607576, -93.9347761497)"
2021-08-11 15:01:36-04:00,"(39.3694932573, -82.1098697931)"
2021-08-17 15:30:16-04:00,"(41.8086111111, -82.6408333333)"
2021-08-18 09:18:25-05:00,"(44.1001114, -96.7592691)"
2021-08-18 19:42:09-05:00,"(46.815373, -96.8016709722)"
2021-08-19 10:23:00-05:00,"(36.3693306793, -86.9862090118)"
2021-08-24 13:20:47+00:00,"(47.9278533333, -97.0310278333)"
2021-08-24 12:49:50-05:00,"(33.84414804, -95.92871773)"
2021-08-26 11:37:04-04:00,"(39.3695605221, -82.1096970421)"
2021-08-26 11:43:11-04:00,"(39.3695141282, -82.1096268856)"
2021-08-29 18:26:25-05:00,"(36.8190183, -94.8826986)"
2020-09-22 17:48:40-05:00,"(30.2812425924, -97.7235462517)"
2021-09-04 14:35:16-05:00,"(42.26143717, -93.99483852)"
2021-09-07 07:34:36-10:00,"(43.8267600877, -91.2258608865)"
2021-09-08 15:49:00-04:00,"(42.9594027778, -81.3051694444)"
2021-09-09 18:25:43+00:00,"(41.060725, -95.9509666667)"
2021-09-16 14:39:17-05:00,"(37.08560864, -93.71580556)"
2021-09-19 11:13:58-05:00,"(42.676955, -90.1163028333)"
2021-09-20 13:12:50-04:00,"(44.4587304496, -73.3488596284)"
1997-09-27 10:00:00-04:00,"(43.99651, -77.73253)"
2021-10-10 13:15:57-05:00,"(43.13475, -89.40815)"
2021-10-10 11:44:02-04:00,"(42.8279496891, -84.3845966086)"
2021-10-13 12:09:46-05:00,"(44.198150564, -96.7888056001)"
2021-10-12 15:56:00-05:00,"(35.9601210001, -95.8895185811)"
2021-10-16 06:45:00-05:00,"(33.57104, -94.40996)"
2021-10-28 14:57:00-05:00,"(30.2570901476, -95.6758169055)"
2012-09-05 00:00:00,"(42.7044598, -81.6168898)"
2007-08-17 00:00:00,"(43.12579279, -79.08253357)"
2007-09-26 00:00:00,"(42.63310813, -81.78138284)"
2007-09-30 00:00:00,"(43.09320906, -81.17064276)"
2005-08-11 00:00:00,"(44.45390795, -79.90103748)"
2004-08-24 00:00:00,"(41.81328, -82.85652)"
2004-08-24 00:00:00,"(41.81331, -82.85784)"
2002-08-26 00:00:00,"(42.82105387, -81.85818144)"
2002-08-27 00:00:00,"(41.68335737, -82.68625984)"
2002-08-28 00:00:00,"(42.64219881, -81.70716771)"
2001-09-12 00:00:00,"(42.02521896, -82.74031067)"
1999-09-24 00:00:00,"(42.6421, -81.70747)"
1999-09-24 00:00:00,"(42.70657, -81.61662)"
1999-09-24 00:00:00,"(42.70836, -81.61786)"
1999-09-24 00:00:00,"(42.6421, -81.70747)"
1999-09-24 00:00:00,"(42.70657, -81.61662)"
1999-09-24 00:00:00,"(42.70836, -81.61786)"
1995-09-13 00:00:00,"(43.05805, -79.0991)"
1993-08-31 00:00:00,"(42.92982, -81.43871)"
1993-09-13 00:00:00,"(42.77397, -80.98778)"
1990-08-21 00:00:00,"(43.00359, -80.95092)"
1990-09-08 00:00:00,"(42.80097, -80.94742)"
1990-09-23 00:00:00,"(42.64324, -80.81825)"
1989-08-22 00:00:00,"(45.55868, -75.05894)"
1989-09-27 00:00:00,"(42.97308, -81.43043)"
1989-10-03 00:00:00,"(42.96946, -81.43531)"
1988-07-26 00:00:00,"(41.68357, -82.68328)"
1988-08-30 00:00:00,"(42.97015, -81.17658)"
1988-09-04 00:00:00,"(41.96795, -82.5049)"
1988-09-04 00:00:00,"(41.96795, -82.5049)"
1988-09-10 00:00:00,"(42.88354, -82.14247)"
1988-09-17 00:00:00,"(42.84037, -79.54507)"
1986-09-07 00:00:00,"(42.03505, -83.05614)"
1984-09-12 00:00:00,"(42.032916, -83.052222)"
1983-09-21 00:00:00,"(42.02509, -83.00872)"
2021-12-25 15:14:19-06:00,"(34.5769583333, -86.5654916667)"
1982-10-06 00:00:00,"(41.81421, -82.68068)"
1981-08-23 00:00:00,"(41.82281, -82.64599)"
1981-08-23 00:00:00,"(41.82281, -82.64599)"
1982-08-21 00:00:00,"(41.82555, -82.64365)"
1988-07-26 00:00:00,"(41.8115, -82.85637)"
1988-09-29 00:00:00,"(42.02678, -82.73941)"
1989-10-05 00:00:00,"(42.9785, -81.417)"
1990-09-20 00:00:00,"(42.95069, -81.39595)"
1991-09-10 00:00:00,"(42.30737, -82.51418)"
1991-09-21 00:00:00,"(43.05929, -81.1842)"
1994-07-19 00:00:00,"(42.63942, -81.70378)"
1994-09-20 00:00:00,"(43.06435, -79.93154)"
1995-09-28 00:00:00,"(42.84133, -79.54994)"
2022-05-29 10:16:40-05:00,"(32.933122893, -97.215282921)"
2022-06-01 07:54:38-05:00,"(30.8232421565, -88.3614002913)"
2022-06-01 09:28:04-05:00,"(38.6718824273, -90.5931739094)"
2018-06-22 12:00:00-05:00,"(43.029695, -89.330492)"
2022-06-12 20:29:59-05:00,"(38.7425696661, -93.7438632175)"
2022-06-17 15:40:31-05:00,"(38.9723929745, -94.6613285323)"
2022-06-23 06:54:19-04:00,"(41.4519411705, -83.8015651053)"
2022-06-25 12:12:29-04:00,"(40.09426881, -83.15762178)"
2022-06-25 14:18:36-05:00,"(35.2169883333, -97.4666533333)"
2022-06-26 09:20:42-05:00,"(30.8411783333, -96.9838633333)"
2021-09-27 11:04:30-05:00,"(44.6630704, -97.56577921)"
2022-06-29 19:54:33-05:00,"(32.8737133333, -96.7323666667)"
2022-06-29 19:59:07-05:00,"(32.873825, -96.7324483333)"
2022-07-03 12:36:00-04:00,"(39.8881685578, -84.8929047732)"
2022-07-13 20:11:04-05:00,"(29.4498308768, -95.7836677281)"
2022-07-16 09:07:57-05:00,"(29.8132533333, -95.6333166667)"
2022-07-20 20:26:54-05:00,"(41.5909612058, -93.6906416388)"
2022-07-23 11:55:58-05:00,"(31.56058, -88.0330721667)"
2022-07-24 15:56:39-05:00,"(30.4838383333, -97.9178033333)"
2022-07-28 07:30:48-05:00,"(30.21697, -97.8553866667)"
2022-07-28 10:02:35-05:00,"(33.1661434475, -96.8566383255)"
2022-07-28 14:55:50-05:00,"(42.66401247, -88.95742651)"
2022-07-30 18:38:34-04:00,"(40.1943931389, -85.4067153889)"
2022-07-29 09:01:00-05:00,"(32.7356138889, -96.5858833333)"
2022-07-31 18:26:16-05:00,"(40.1536861667, -88.27758)"
2022-08-01 10:42:23-05:00,"(44.842315, -93.2501683333)"
2022-08-02 08:52:29-05:00,"(43.4545305556, -91.2267694444)"
2022-08-02 14:57:20-05:00,"(33.1069465929, -90.7975066854)"
2022-07-28 10:49:24-05:00,"(41.9703533333, -87.7084283333)"
2022-08-04 12:13:03-05:00,"(44.9354880955, -94.6037908272)"
2022-08-04 20:16:31-05:00,"(44.7385311, -95.4320534)"
2022-08-05 13:22:00-05:00,"(44.7370111111, -93.6186361111)"
2022-08-05 19:14:13-05:00,"(40.1546583333, -88.2777033333)"
2022-08-05 19:08:28-05:00,"(40.154125, -88.27845)"
2022-08-05 19:02:15-05:00,"(40.1535388333, -88.2802583333)"
2022-07-24 00:00:00,"(33.242657, -97.109358)"
2022-08-06 13:33:33-05:00,"(43.9559743333, -98.0659513611)"
2022-08-05 15:48:18-05:00,"(40.1257888333, -88.283355)"
2022-08-07 14:14:32-05:00,"(40.1516037093, -87.7361331135)"
2022-08-07 10:12:01-05:00,"(38.8107359722, -91.4093539722)"
2022-08-07 17:48:40-04:00,"(39.3694784213, -82.1094559786)"
2022-08-08 13:38:23-05:00,"(44.4620955193, -93.1678880729)"
2022-08-09 07:10:42-05:00,"(30.287705, -87.4795616667)"
2022-08-08 12:36:00-05:00,"(38.9985099138, -95.7471969002)"
2022-08-09 21:37:21-04:00,"(42.2373974951, -83.6206654005)"
2022-08-10 07:38:24-05:00,"(43.7980452791, -91.2594315782)"
2022-08-10 13:21:34-05:00,"(44.0222175, -92.4508992)"
2022-08-11 10:15:50-05:00,"(43.9564428889, -98.0632274167)"
2022-08-11 07:45:09-05:00,"(30.2316166667, -97.8384783333)"
2022-08-07 17:25:00-05:00,"(30.2841888889, -97.7540666667)"
2022-08-12 14:48:10-05:00,"(44.8568786681, -93.4407657199)"
2022-08-12 16:26:17-05:00,"(44.8546148837, -93.4450570029)"
2022-08-13 12:37:59-05:00,"(38.573126, -90.482224)"
2022-08-13 14:39:36-05:00,"(42.0986303023, -93.5775167146)"
2022-08-14 10:07:10-05:00,"(41.5704358819, -87.4586712654)"
2022-08-14 14:43:12-05:00,"(38.393040807, -90.6356350892)"
2022-08-14 18:04:49-05:00,"(43.75585505, -96.784827)"
2022-08-15 10:55:52-05:00,"(44.7806890997, -93.6047432997)"
2022-08-14 15:52:32-05:00,"(41.579545, -93.60827)"
2022-08-16 12:24:00-05:00,"(43.7698103056, -98.0100481111)"
2022-08-16 14:19:16-05:00,"(38.6437415, -90.2648907)"
2022-08-17 16:53:26-05:00,"(43.0982778333, -89.3396833333)"
2022-08-17 19:14:56-05:00,"(43.5258888745, -96.7284492785)"
2022-08-17 17:16:21-05:00,"(44.8556133333, -93.2103583333)"
2022-08-18 18:08:14-05:00,"(40.1374927902, -87.7453518659)"
2022-08-20 13:14:30-04:00,"(39.7414395973, -84.0076256047)"
2022-08-21 15:26:15-05:00,"(38.32922, -93.759405)"
2022-07-25 17:58:53-05:00,"(41.7617519732, -92.72698313)"
2022-08-24 11:28:12-05:00,"(43.0936055, -89.4828033333)"
2022-08-24 12:41:04-05:00,"(46.3841725267, -95.9496993405)"
2022-08-10 18:54:58-05:00,"(30.2401033333, -97.8083633333)"
2022-08-25 17:55:41-04:00,"(40.9468417, -85.2919849997)"
2022-08-27 09:13:28-04:00,"(43.0637666667, -79.9311527778)"
2022-08-28 10:30:00-04:00,"(38.9929267188, -84.5693707466)"
2022-08-28 14:57:26-05:00,"(42.1606857374, -87.8258442762)"
2022-08-28 17:18:31-04:00,"(40.1363888889, -83.0866666667)"
2022-08-27 19:09:00-05:00,"(44.8834328091, -93.1809681378)"
2022-08-29 07:27:50-05:00,"(44.0500916667, -92.3988283333)"
2022-08-30 15:44:36-03:00,
2022-08-15 18:57:31-05:00,"(35.3487583333, -94.2908783333)"
2022-08-26 16:33:00-05:00,"(44.9041943959, -93.1909221069)"
2022-09-02 09:38:35-05:00,"(41.821585836, -88.1725899515)"
2022-06-29 14:15:27-04:00,"(39.9178634986, -83.8523788222)"
2022-09-03 10:45:23-04:00,"(42.035288075, -85.4067935889)"
2022-09-03 18:40:08-04:00,"(44.310734701, -73.316650695)"
2022-09-02 15:41:41-05:00,"(39.3679283333, -88.0076222167)"
2022-09-03 11:31:00-05:00,"(42.7069270679, -88.2672386189)"
2022-09-05 18:34:59-05:00,"(43.8248723531, -91.2565106526)"
2022-09-05 18:25:59-05:00,"(43.8222666764, -91.2547732517)"
2022-09-05 14:28:18-05:00,"(40.0691750027, -88.5605)"
2022-09-04 10:18:05-04:00,"(40.02533605, -86.49177415)"
2022-09-06 17:59:51-05:00,"(41.5266810568, -87.4293006414)"
2022-09-07 11:37:57-04:00,"(39.71450955, -85.8858037167)"
2022-08-18 00:00:00,"(42.730427, -84.484895)"
2022-08-25 10:55:08-05:00,"(44.5492668454, -95.3757684267)"
2022-09-09 08:41:42-05:00,
2022-09-09 11:54:57-05:00,"(42.7492704408, -94.4976162256)"
2022-09-13 09:53:52-04:00,"(39.9092701357, -86.3853508607)"
2022-09-13 10:21:09-05:00,"(42.5209702755, -90.7065954802)"
2022-09-12 11:51:00-05:00,"(45.0358207161, -93.0624927822)"
2022-09-13 16:50:42-05:00,"(43.1118583333, -89.3720166667)"
2022-09-13 16:50:24-05:00,"(43.1118388333, -89.3720633333)"
2022-09-13 16:50:11-05:00,"(43.1118361667, -89.3720783333)"
2022-09-13 16:49:47-05:00,"(43.1118388333, -89.3720866667)"
2022-08-29 15:01:08-04:00,"(41.7311466667, -82.671145)"
2022-09-05 08:42:22-04:00,"(38.797513, -79.879806)"
2022-09-18 14:17:16-05:00,"(44.95254938, -93.21445928)"
2022-09-20 11:43:29-05:00,"(44.4600661286, -88.0534791761)"
2022-09-20 17:06:59-05:00,"(44.882605, -93.01825)"
2022-09-22 13:58:23-05:00,"(44.3513142156, -97.0676552901)"
2022-09-22 13:27:49-05:00,"(36.4243197636, -94.2153315449)"
2022-09-22 10:52:00-04:00,"(41.548519, -83.60967)"
2022-09-24 10:19:53-05:00,"(38.7486512214, -93.7531104684)"
2022-09-24 11:26:05-05:00,"(41.6885942873, -87.5748628658)"
2022-09-25 10:56:00-05:00,"(39.0423366667, -92.23497)"
2022-09-25 18:04:55-05:00,"(43.4941182984, -96.6791327019)"
2022-09-25 17:43:00-05:00,"(39.7109638889, -91.355025)"
2022-09-26 16:31:52-05:00,"(38.73702, -90.190255)"
2022-09-24 17:11:00-05:00,"(41.9631998, -87.6331366)"
2022-09-27 13:11:30-05:00,"(43.930654, -91.27493499)"
2022-09-28 16:12:31-05:00,"(43.92879875, -91.26340953)"
2022-09-29 15:30:40-05:00,"(33.8854319325, -94.8261755019)"
2022-10-01 12:49:29-05:00,"(41.178265175, -89.6088581201)"
2022-09-25 18:48:15-05:00,"(41.9593751636, -87.7139710262)"
2022-08-27 19:22:00+05:30,"(13.75448, 79.60128)"
2022-09-29 12:19:50-05:00,"(35.8100783333, -90.6284333333)"
2022-09-29 12:09:36-05:00,"(35.8100366667, -90.6293333333)"
2022-10-02 14:45:01-05:00,"(38.7898212997, -91.4659704997)"
2022-10-02 14:41:08-05:00,"(38.7896374997, -91.4660743997)"
2022-09-11 14:55:38-05:00,"(35.3658216667, -94.3490133333)"
2022-10-03 18:18:31-04:00,"(42.7135443185, -84.3422016129)"
2022-10-05 09:28:13-05:00,"(44.7169333333, -93.1440721667)"
2022-10-06 11:08:03-05:00,"(41.9767164, -87.7760919)"
2022-10-06 14:05:32-05:00,"(44.2243041992, -96.6891098022)"
2022-10-08 09:30:42-05:00,"(27.6724299209, -97.3502260782)"
2022-07-15 19:27:03-05:00,"(39.0685751798, -94.1558199106)"
2022-07-15 19:28:16-05:00,"(39.0684972732, -94.1559046611)"
2022-10-09 16:59:01-05:00,"(42.6409235503, -95.2139142655)"
2022-10-09 18:43:56-05:00,"(30.2221344712, -97.7740163665)"
2022-10-11 15:01:37-05:00,"(41.2578777, -96.0085111)"
2022-10-15 13:40:17-05:00,"(41.96302821, -87.6342858)"
2022-10-17 10:42:43-05:00,"(35.82328, -90.43933)"
2022-10-17 10:35:20-05:00,"(35.8224133333, -90.4382466667)"
2022-10-17 10:23:58-05:00,"(35.8219533333, -90.437325)"
2022-10-14 11:12:00-05:00,"(44.4456838789, -88.0109488964)"
2022-09-20 18:49:33-05:00,"(34.785825, -92.3321083333)"
2022-10-17 10:48:12+02:00,"(45.7834098853, 12.3050088547)"
2022-10-23 15:18:21-05:00,"(44.7686600848, -93.6053009704)"
2022-10-29 13:54:42-05:00,"(30.3959805556, -97.9025972222)"
2022-11-09 11:01:48-06:00,"(29.9442333333, -97.9065866667)"
2022-10-08 09:39:51-05:00,"(34.2420116667, -91.1161721667)"
2022-11-11 10:57:00-06:00,"(30.25695556, -95.5624)"
2022-11-02 10:16:19-05:00,"(29.2182083333, -98.4147333333)"
2022-11-09 11:02:01-06:00,"(29.9441916667, -97.9065783333)"
2022-11-24 20:18:00-05:00,"(9.411761, -82.594307)"
2022-11-26 18:49:00-05:00,"(9.4916409629, -82.6095244288)"
2022-11-26 17:08:47-05:00,"(8.2534481163, -81.1879140884)"
2022-11-24 12:07:28-06:00,"(29.4032633333, -98.48722)"
2022-11-28 11:19:00-05:00,"(9.4507634135, -82.5222839043)"
2022-11-28 22:20:00-05:00,"(9.4507627521, -82.5223328546)"
2022-06-03 15:47:00-05:00,"(34.3727947299, -90.7377986306)"
2022-08-12 00:53:00-04:00,"(42.4649028737, -73.790627806)"
2022-09-24 10:32:48-05:00,"(41.190323, -87.966003)"
2022-09-18 00:00:00,"(44.9072190944, 9.7973427549)"
2019-08-09 12:39:00-05:00,"(44.8827788466, -93.8724823563)"
2017-07-16 07:16:00+02:00,"(43.7374179884, 13.1909116627)"
2017-08-09 06:54:00+02:00,"(43.7373962343, 13.1908670236)"
2022-10-02 15:34:00-05:00,"(43.2456392669, -89.4315195135)"
2023-03-02 12:25:17-06:00,"(41.15559179, -97.5574193)"
2016-09-11 18:06:00+02:00,"(43.5315176473, 13.290498635)"
2023-03-25 17:53:43-05:00,"(30.0309481483, -97.8428853219)"
2023-04-28 10:33:24-05:00,"(29.7689082194, -95.3608406336)"
2023-04-28 18:39:38-06:00,"(25.7546298544, -100.3019333258)"
2023-04-29 10:38:07-07:00,"(23.9200040178, -106.9761682302)"
2023-05-01 19:01:00-04:00,"(30.5137472222, -84.2876361111)"
2023-05-06 17:04:00+02:00,"(41.0098966667, 9.5870933333)"
2023-04-02 19:51:00-03:00,"(-41.602897, -65.353619)"
2023-05-16 10:34:20-05:00,"(36.603, -89.4916)"
2023-05-20 19:50:19-05:00,"(38.614213, -90.3138708)"
2023-05-24 09:32:59-05:00,"(39.3341080891, -94.5824583807)"
2023-05-24 14:24:57-05:00,"(39.1567723906, -94.4575916439)"
2023-05-28 14:24:44-05:00,"(33.8802056997, -96.8725371997)"
2023-06-01 19:15:06-05:00,"(33.48668334, -94.51377113)"
2023-06-08 20:24:30-04:00,"(42.4528383333, -83.0653611667)"
2023-06-10 17:29:33-05:00,"(36.0267229198, -95.7882332207)"
2023-06-11 19:03:00-05:00,"(46.8797276697, -98.6265900698)"
2023-06-12 18:16:12-05:00,"(31.4782166667, -97.2866966667)"
2023-06-15 13:55:57-05:00,"(38.5895583406, -90.2244346776)"
2023-06-15 14:21:02-05:00,"(32.7498460003, -96.9686618262)"
2023-06-17 15:00:53-05:00,"(43.9681222222, -91.8818916667)"
2023-06-17 00:00:00,"(29.1217195495, -98.1775637716)"
2023-06-21 13:56:29-05:00,"(41.557258606, -93.2765426636)"
2023-06-22 18:30:45-05:00,"(45.2254410169, -95.4056133355)"
2023-06-26 10:31:21-05:00,"(41.6636781041, -91.5440294047)"
2023-06-27 19:40:00-05:00,"(44.2340000417, -88.3595395078)"
2023-06-28 16:13:59-05:00,"(36.0862574, -97.0961583997)"
2023-06-28 18:43:05-05:00,"(45.23132823, -93.49614918)"
2023-06-29 11:09:09-05:00,"(33.1948888889, -96.8612388889)"
2023-07-01 19:39:05-05:00,"(37.2123133333, -93.2889633333)"
2023-07-01 09:16:00-04:00,"(41.7231497019, -85.8146335182)"
2023-07-02 11:00:26-05:00,"(30.2858633844, -97.7795352531)"
2023-07-08 17:46:16-05:00,"(42.890783418, -87.9257928674)"
2023-07-09 07:24:22-05:00,"(41.6114429757, -88.4319024068)"
2023-07-09 13:44:46-05:00,"(31.33267737, -92.53845391)"
2023-07-09 11:30:59-05:00,"(39.1564833333, -94.3764805556)"
2023-07-10 09:28:23-05:00,"(30.26333, -97.71347)"
2023-07-11 10:10:03-05:00,"(45.17700727, -93.02634628)"
2023-07-09 11:13:30-05:00,"(42.6753216667, -95.2965916667)"
2023-07-11 20:04:26-04:00,"(39.1884749326, -87.3448430747)"
2023-07-12 08:44:15-05:00,"(38.4715, -90.65822)"
2023-07-13 10:14:52-05:00,"(44.8959428485, -93.1595502657)"
2023-07-14 11:24:23-05:00,"(33.2014583333, -96.49662)"
2023-07-14 14:21:19-05:00,"(38.5134525877, -89.6232101508)"
2023-06-13 11:08:35-05:00,"(41.6628747278, -94.0249581614)"
2023-07-14 09:50:39-05:00,"(33.8887716667, -87.5313716667)"
2023-07-13 12:51:18-05:00,"(36.0862562, -97.0961479)"
2023-07-14 12:09:10-04:00,"(42.685345, -76.94715)"
2023-07-17 14:33:37-05:00,"(38.6236329722, -90.1849449722)"
2023-07-17 14:45:15-05:00,"(38.6231427997, -90.1840238)"
2023-07-18 08:30:52-05:00,"(37.8696689399, -89.2044482259)"
2023-07-14 14:39:28-04:00,"(42.2260914705, -83.3030430812)"
2023-07-21 19:18:40-05:00,"(29.3393292205, -95.2862393484)"
2023-07-14 11:41:22-05:00,"(44.717245, -93.6002883333)"
2023-07-22 16:42:40-05:00,"(44.885598, -93.1738026997)"
2023-07-24 10:55:42-05:00,"(30.01405091, -94.01468925)"
2023-07-24 12:31:00-05:00,"(40.7071091997, -89.5148199)"
2023-07-24 12:31:00-05:00,"(40.7071091997, -89.5148199)"
2023-07-27 13:18:40-04:00,"(42.82457, -84.387305)"
2023-07-27 09:47:38-04:00,
2023-07-28 16:21:19-05:00,"(44.2249133333, -93.818755)"
2023-07-28 14:16:03-05:00,"(36.0399584647, -95.8484368211)"
2023-07-29 10:46:58-05:00,"(-3.5931570556, -80.1847915556)"
2023-07-30 12:02:17-05:00,"(40.1579535334, -88.2907627244)"
2023-07-24 10:36:00-05:00,"(43.143863, -90.0597104)"
2023-07-31 10:26:42-05:00,"(34.3284616667, -93.5602416667)"
2023-07-31 11:46:38-05:00,"(44.8070622515, -93.2805707865)"
2023-07-31 14:09:06-05:00,"(44.8146448154, -93.2484015631)"
2023-07-24 16:12:00-05:00,"(43.1745554, -90.2161949)"
2023-07-24 16:12:00-05:00,"(43.1745554, -90.2161949)"
2023-07-24 16:12:00-05:00,"(43.1745554, -90.2161949)"
2023-07-24 16:15:00-05:00,"(43.1745554, -90.2161949)"
2023-07-24 20:12:00-05:00,"(43.1948867999, -90.253034)"
2023-07-24 20:12:00-05:00,"(43.1948867999, -90.253034)"
2023-07-25 07:38:00-05:00,"(43.1940468001, -90.2519952)"
2023-07-25 07:49:00-05:00,"(43.1939583999, -90.2518092)"
2023-08-01 11:17:24-05:00,"(41.82946215, -88.23821891)"
2023-07-25 07:50:00-05:00,"(43.1940375, -90.2518851)"
2023-07-25 07:51:00-05:00,"(43.1940375, -90.2518851)"
2023-07-25 07:51:00-05:00,"(43.1940375, -90.2518851)"
2023-07-25 07:52:00-05:00,"(43.1941207, -90.251992)"
2023-07-25 07:52:00-05:00,"(43.1941207, -90.251992)"
2023-08-02 11:57:53-05:00,"(41.8097121795, -88.3696434358)"
2023-08-03 09:08:28-05:00,"(32.659295, -97.0415028333)"
2023-08-03 16:51:25-05:00,"(44.9662805256, -93.378697727)"
2023-08-03 19:19:35-05:00,"(35.6503356203, -97.4208966281)"
2023-08-04 15:11:11-05:00,"(43.1108104635, -90.7821499335)"
2023-08-04 20:22:07-05:00,"(43.9577001667, -98.0627167778)"
2023-08-05 13:11:33-05:00,"(38.9580033333, -94.8013083333)"
2023-08-05 19:03:05-04:00,"(43.3944216056, -80.2793301496)"
2023-07-25 08:42:00-05:00,"(43.1947411244, -90.2527088035)"
2023-08-07 17:43:27-04:00,"(42.06324546, -83.25335134)"
2023-08-07 14:40:00-05:00,"(47.2345311, -98.8529898)"
2023-08-07 18:11:40-05:00,"(43.7815912778, -98.0269496111)"
2023-08-09 10:43:01-05:00,"(45.0137592146, -93.4338764196)"
2023-08-09 09:04:49-05:00,"(40.5290633333, -88.9374916667)"
2023-08-09 11:48:43-05:00,"(29.9000401503, -90.1598304507)"
2023-05-22 15:14:47-05:00,"(35.35228, -94.379395)"
2023-08-11 07:47:37-04:00,"(40.0032908782, -83.097285876)"
2023-08-11 15:21:21-04:00,"(42.4707966, -73.8023884)"
2023-07-26 09:37:00-05:00,"(43.2064442, -90.5255556)"
2023-07-26 09:37:00-05:00,"(43.2068516999, -90.5248997)"
2023-07-26 10:35:00-05:00,"(43.2075992, -90.5239785)"
2023-07-26 10:39:00-05:00,"(43.2074883, -90.5239281)"
2023-07-26 10:41:00-05:00,"(43.2074883, -90.5239281)"
2023-07-26 10:41:00-05:00,"(43.2074883, -90.5239281)"
2023-07-26 11:02:00-05:00,"(43.2067113, -90.5252202)"
2023-07-26 11:02:00-05:00,"(43.2067113, -90.5252202)"
2023-08-12 17:21:26-05:00,"(42.6776988229, -96.0983924568)"
2023-08-13 11:32:51-05:00,"(-2.9762120244, -79.6945877075)"
2023-07-26 14:45:00-05:00,"(43.1780858001, -90.6388443)"
2023-08-09 11:20:00-05:00,"(44.7988888889, -93.3869444444)"
2023-08-09 11:19:00-05:00,"(44.7988888889, -93.3866666667)"
2023-07-26 14:52:00-05:00,"(43.1778468001, -90.6390168)"
2023-07-26 14:54:00-05:00,"(43.1779849, -90.6382011)"
2023-07-26 14:56:00-05:00,"(43.1778832, -90.6382621)"
2023-08-15 11:00:38-05:00,"(30.4064666667, -97.902625)"
2023-08-15 14:36:25-05:00,"(41.1742138889, -95.88735)"
2023-08-08 12:53:00-05:00,"(44.3300702868, -94.5207704402)"
2023-08-16 10:37:30-04:00,"(42.0354583953, -85.4070578703)"
2023-08-01 10:45:28-05:00,"(40.391701519, -91.1183393505)"
2023-08-16 08:10:00-05:00,"(30.5200027778, -97.6245027778)"
2023-08-17 11:47:38-05:00,"(45.1015329969, -93.279199025)"
2023-08-17 10:25:48-05:00,"(40.5302783333, -88.94403)"
2023-08-12 17:35:00-05:00,"(42.677475, -96.0981805556)"
2023-08-18 13:13:00-05:00,"(44.7351388889, -93.6194305556)"
2023-08-18 15:46:28-05:00,"(44.7974615358, -93.302237671)"
2023-08-18 13:20:02-05:00,"(38.2888527778, -93.7671527778)"
2023-08-18 13:21:14-05:00,"(38.2887611111, -93.7675833333)"
2023-08-19 18:22:55-05:00,"(44.7978362778, -93.3900756667)"
2023-08-19 18:17:30-05:00,"(44.7623023889, -93.3768463056)"
2023-08-15 12:20:00-05:00,"(43.4500619, -88.6346734)"
2023-08-15 13:11:00-05:00,"(43.4696424, -88.6427361)"
2023-07-27 11:42:00-05:00,"(42.9972449, -91.0492893001)"
2023-07-27 13:59:00-05:00,"(43.0536868, -91.1594668)"
2023-07-27 14:00:00-05:00,"(43.0536868, -91.1594668)"
2023-08-17 13:15:10-05:00,"(41.9513149598, -88.4065898135)"
2023-08-19 00:00:00,"(35.2218479036, -91.4880519779)"
2023-08-17 14:31:12-05:00,"(32.789755, -96.834595)"
2023-08-17 14:30:18-05:00,"(32.7899583333, -96.8346866667)"
2023-08-26 07:10:29-05:00,"(40.531323147, -89.0037866683)"
2023-08-26 09:05:01-05:00,"(36.1504276342, -97.0762046943)"
2023-08-26 09:05:38-05:00,"(36.1502498148, -97.0760296714)"
2023-08-26 10:48:40-05:00,"(41.7442633333, -87.776025)"
2023-08-27 11:02:00-05:00,"(44.6847216667, -93.0816805)"
2023-08-27 13:48:42-05:00,"(41.8429161469, -88.0498267618)"
2023-08-27 09:52:58-05:00,"(30.1883916667, -97.7202383333)"
2023-08-27 17:06:53-04:00,"(39.5344896, -84.2533056)"
2023-08-25 08:13:00-05:00,"(43.6611883333, -87.719625)"
2023-08-26 00:00:00,"(33.597826585, -91.2140996866)"
2023-08-25 19:06:00-05:00,"(39.2543241997, -94.5695541997)"
2023-08-25 12:50:58-05:00,"(44.5045165509, -96.5317995474)"
2023-08-25 12:00:00-05:00,"(42.6314764746, -88.3795022302)"
2023-08-26 12:09:42-05:00,"(45.2519283333, -96.4012366667)"
2023-08-26 13:02:00-05:00,"(43.2787022698, -87.9409783318)"
2023-08-26 13:05:00-05:00,"(43.2787022698, -87.9409783318)"
2023-08-26 13:10:00-05:00,"(43.2785460522, -87.9409139673)"
2023-08-26 13:14:00-05:00,"(43.2785460522, -87.9409139673)"
2023-08-29 09:25:08-05:00,"(38.6238166667, -90.3759833333)"
2023-08-29 16:10:43-05:00,"(30.39455423, -97.68445827)"
2023-08-30 11:10:38-05:00,"(38.4738950765, -93.2334891524)"
2023-08-30 18:10:27-05:00,"(37.2031540188, -93.3376300448)"
2023-08-30 18:29:12-05:00,"(41.1892666667, -87.963905)"
2023-08-29 11:25:13-05:00,"(43.626355, -92.2186966667)"
2023-07-27 14:11:00-05:00,"(43.0550763, -91.1606706)"
2023-07-27 14:12:00-05:00,"(43.0551221, -91.160418)"
2023-09-01 18:16:35-05:00,"(35.98418823, -95.78601239)"
2023-07-27 15:24:00-05:00,"(43.0310223, -91.1483534999)"
2023-09-01 14:26:33-05:00,"(39.9659358628, -87.5813951343)"
2023-09-02 13:20:36-05:00,"(45.6780477324, -94.5111368793)"
2023-09-03 08:58:02-05:00,"(41.1730444444, -95.8847055556)"
2023-09-04 10:36:06-05:00,"(43.8301070683, -91.2301696837)"
2023-09-05 07:52:49-05:00,"(31.0473449377, -86.4508011192)"
2023-09-05 10:15:35-05:00,"(29.9603209488, -95.718905814)"
2023-09-05 12:15:13-05:00,"(32.4533872214, -91.0766170734)"
2023-07-27 17:10:00-05:00,"(42.9940723, -91.1256587)"
2023-09-06 08:05:54-05:00,"(41.4135148415, -95.0212175254)"
2023-09-06 11:56:06-05:00,"(44.458644645, -96.1240981794)"
2023-09-06 15:57:35-05:00,"(38.6542844296, -90.4628471243)"
2023-09-07 10:57:31-05:00,"(40.30054011, -89.0881008)"
2023-09-07 14:29:35-05:00,"(34.9871886894, -86.8482884859)"
2023-09-05 12:13:08-05:00,"(36.6036833333, -89.489395)"
2023-09-08 17:55:28-05:00,"(35.98419102, -95.78607471)"
2023-09-07 15:07:00-05:00,"(43.5894316667, -89.7226316667)"
2023-09-06 15:09:29-05:00,"(29.705295, -96.53608)"
2023-09-09 13:01:02-05:00,"(41.8959390345, -87.8345314133)"
2023-09-09 11:06:40-04:00,"(41.9694444444, -79.5855555556)"
2023-09-09 22:38:18-05:00,"(41.4681427365, -90.5954368054)"
2023-09-10 19:38:00-04:00,"(38.2764666667, -85.7648777778)"
2023-09-06 11:55:11-05:00,"(44.458625, -96.1240833333)"
2023-09-12 16:08:00-05:00,"(43.1261383333, -88.9165283333)"
2023-09-12 13:55:13-05:00,"(42.0464531223, -88.4573241323)"
2023-09-13 11:50:19-05:00,"(41.5102233887, -87.8539047241)"
2023-09-13 16:05:21-05:00,"(32.4531447748, -91.0766535346)"
2023-09-13 13:23:04-05:00,"(44.453275, -96.1275721667)"
2023-09-15 12:58:39-05:00,"(41.8928816643, -87.8312279085)"
2023-09-10 00:00:00,"(34.6381723401, -90.6062168091)"
2023-09-15 17:24:31-05:00,"(43.0165991983, -94.1673122152)"
2023-09-16 17:58:33-04:00,"(44.3453559614, -78.7536417693)"
2023-09-17 17:33:59-04:00,"(42.3544739233, -83.3729064278)"
2023-09-18 15:39:00-05:00,"(44.0343992645, -92.8686335218)"
2023-09-18 18:00:16-05:00,"(38.9120777778, -94.199325)"
2023-09-17 18:34:00-05:00,"(40.1114552042, -88.2272002766)"
2023-09-19 14:22:00-05:00,"(38.6263383426, -90.378355)"
2023-09-20 14:56:06-05:00,"(41.8950477289, -87.8343468067)"
2023-09-20 15:22:45-05:00,"(43.0748278333, -89.4189216667)"
2023-09-20 16:56:22-05:00,"(41.9398929927, -87.6612921059)"
2023-09-17 19:09:49-04:00,"(39.963075, -83.0677972222)"
2023-09-20 11:12:20-05:00,"(43.8833783333, -91.2406166667)"
2023-09-20 17:34:32-04:00,
2023-09-18 09:50:00-05:00,"(29.7221, -95.6956)"
2023-09-22 12:01:35-05:00,"(44.14851565, -94.08932241)"
2023-09-22 16:17:22-05:00,"(44.904499529, -93.1929046289)"
2023-09-22 10:32:56-05:00,"(33.1230916667, -96.8522611111)"
2023-09-23 10:58:13-05:00,"(44.8957926594, -93.0221954361)"
2023-09-22 09:45:00-05:00,"(36.1956055556, -92.2821722222)"
2023-09-23 13:39:00-04:00,"(40.1269725256, -85.9580840274)"
2023-09-23 13:40:00-04:00,"(40.1268743356, -85.9578050946)"
2023-09-23 16:53:24-05:00,"(41.9255633333, -87.6561133333)"
2023-09-24 08:26:52+02:00,"(45.6610116667, 9.8517833333)"
2023-09-18 15:42:03-05:00,"(34.7451466667, -92.3601216667)"
2023-09-24 12:43:00-05:00,"(33.275928, -94.742035)"
2023-09-24 15:00:53-05:00,"(36.3022970803, -86.6280639544)"
2023-09-25 16:30:52-05:00,"(39.0540136933, -94.3972971297)"
2023-09-25 17:50:54-05:00,"(31.6088707056, -93.0547744694)"
2023-09-26 18:55:29-04:00,"(40.6146881, -87.3247590997)"
2023-09-27 09:19:00+02:00,"(45.6609471128, 9.851699806)"
2020-07-13 14:30:01-05:00,"(34.52748, -90.57218)"
2023-09-28 09:09:04-05:00,"(43.0740857751, -89.4043100636)"
2023-09-29 11:40:47-04:00,"(41.4759783333, -82.1732866667)"
2023-09-29 12:19:32-05:00,"(39.39393735, -88.16159731)"
2023-09-29 17:23:08-04:00,"(41.5462443855, -83.6801927853)"
2023-09-30 10:27:52-05:00,"(37.0631083333, -94.5297277778)"
2023-10-01 07:51:27-05:00,"(30.0902934, -96.6401057)"
2023-10-01 10:33:24-04:00,"(40.5578641, -85.03226948)"
2023-10-02 07:36:46-05:00,"(42.1524888333, -88.4498133333)"
2023-10-02 14:55:16-04:00,"(38.9462444444, -85.9127194444)"
2023-10-02 15:44:00-04:00,"(40.5038694444, -80.1441805556)"
2023-10-04 10:16:45-04:00,"(39.5833328436, -86.5756282416)"
2023-10-04 10:33:10-04:00,"(39.077257574, -84.4286452363)"
2023-10-04 14:44:41-05:00,"(41.963861213, -87.6916983814)"
2023-10-04 16:56:15-05:00,"(38.864929081, -90.1394267802)"
2023-10-06 15:21:47-05:00,"(42.6400065919, -95.2124896301)"
2023-10-06 15:27:39-05:00,"(42.63998353, -95.21289323)"
2023-10-06 18:24:52-05:00,"(39.2146453495, -94.1705323993)"
2023-10-06 18:27:00-06:00,"(19.6142684336, -103.3214264363)"
2023-10-06 13:36:25-04:00,"(38.7536666667, -76.6973388889)"
2023-10-07 13:29:18-05:00,"(44.7922018078, -93.4026418907)"
2023-10-08 08:27:37-05:00,"(30.0903929722, -96.639988)"
2023-10-08 12:48:41-05:00,"(44.3444894907, -92.8507467081)"
2023-10-08 13:31:25-05:00,"(41.7821672978, -88.1756127254)"
2023-10-09 18:24:52-05:00,"(41.833438515, -88.026245055)"
2023-10-10 13:28:51-05:00,"(42.6399044877, -95.2127685002)"
2023-10-10 13:30:59-05:00,"(42.6399268859, -95.2127690746)"
2023-10-10 13:11:57-05:00,"(35.64783, -94.6120616667)"
2023-10-10 13:53:14-05:00,"(37.9323966667, -87.53875)"
2023-10-05 15:00:14-04:00,"(42.1278111667, -80.1426471667)"
2023-10-12 17:02:12-05:00,"(32.8912416667, -97.5471033333)"
2023-10-11 17:24:00-05:00,"(44.9897043604, -93.179401285)"
2023-10-14 10:01:58-05:00,"(33.8424833333, -95.8680633333)"
2023-08-01 11:44:00-05:00,"(43.0629145, -88.8601961999)"
2023-09-25 11:03:00-04:00,"(42.066892, -82.875725)"
2023-10-11 00:00:00,"(41.417032, -73.962312)"
2023-10-20 18:04:55-05:00,"(37.785570131, -87.0338577488)"
2023-10-21 10:20:46-05:00,"(32.577266391, -97.4480691944)"
2023-10-22 11:28:10-05:00,"(39.1873133333, -94.6827383333)"
2023-10-23 10:29:52-04:00,"(40.2016033333, -85.3809583333)"
2023-10-23 17:34:57-05:00,"(36.0485782221, -95.8113048971)"
2023-10-24 09:45:12-05:00,"(42.9893847322, -87.9469215498)"
2023-10-24 09:45:06-05:00,"(42.989337123, -87.9468936381)"
2023-10-25 08:57:21-05:00,"(41.1154754308, -97.4065963825)"
2023-10-25 16:29:32-05:00,"(42.2939600191, -88.2868449391)"
2023-10-26 09:17:16-05:00,"(36.43140267, -95.74507953)"
2023-10-26 16:03:58-05:00,"(32.6523316667, -97.369885)"
2023-11-02 13:53:45-05:00,"(42.49283, -89.040515)"
2023-11-02 13:16:00-05:00,"(32.6324049722, -97.4739132778)"
2023-11-04 12:30:02-05:00,"(36.5041296064, -87.3744609354)"
2023-11-05 08:34:49-06:00,"(30.0882579722, -96.642049)"
2023-11-11 14:03:58-06:00,"(38.6876133333, -90.6658866667)"
2023-11-12 12:12:49-06:00,"(32.6623116667, -97.3657166667)"
2023-11-13 11:22:28-06:00,"(30.46567831, -97.54794894)"
2023-11-23 04:22:00-06:00,"(30.4528833333, -97.7509083333)"
2023-10-14 14:32:39-04:00,"(40.8302033333, -85.70723)"
2023-12-01 14:11:24+07:00,"(18.89421021, 99.0168742708)"
2023-08-21 16:03:00-05:00,"(45.2233434, -93.2752519)"
2023-08-24 13:44:00-05:00,"(41.2407521158, -95.9906488672)"
2023-12-09 11:42:14-05:00,
2023-12-09 15:39:49-05:00,"(9.0948111518, -79.5422283188)"
2023-08-28 17:43:00-05:00,"(41.2407541082, -95.9906533976)"
2023-09-01 13:19:00-05:00,"(37.9165111111, -93.9849305556)"
2023-09-02 14:14:00-05:00,"(41.2407546155, -95.9906560381)"
2023-09-08 12:12:00-05:00,"(41.2407517596, -95.9906556927)"
2023-08-21 16:03:00-05:00,"(45.223222491, -93.2753699172)"
2023-09-18 11:26:00-05:00,"(41.2407514948, -95.9906664817)"
2023-08-19 10:43:00-05:00,"(35.3884972222, -91.4588777778)"
2023-08-28 10:13:00-05:00,"(43.0377583333, -87.9315472222)"
2024-02-03 17:00:56-06:00,"(41.65866239, -93.71225899)"
2023-09-30 11:55:00-05:00,"(41.2407544868, -95.9906650342)"
2024-03-24 12:37:14-05:00,"(30.0712945, -96.6940616667)"
2015-09-27 15:09:00-04:00,"(41.0544083333, -73.8704083333)"
2023-10-20 07:58:18-05:00,"(38.1600069848, -88.0952094413)"
2024-04-14 17:38:31-05:00,"(36.05185, -95.8285361111)"
2024-04-18 15:07:56-05:00,"(30.6396616856, -87.8656450846)"
2024-04-24 19:20:37-05:00,"(50.1073859615, -96.9310830421)"
2024-04-28 17:17:49+05:30,"(20.4604515815, 84.2426520959)"
,
2024-04-28 09:40:48-06:00,"(25.6860713264, -100.2948025744)"
2023-09-06 12:09:24-05:00,"(43.3171272507, -92.0659390932)"
2024-04-28 12:30:56+08:00,
2024-04-29 10:21:33-05:00,"(29.4118792261, -95.7204217679)"
2024-04-29 10:21:29-05:00,"(29.4118966667, -95.7204283333)"
,"(-16.8232087199, -63.9178615808)"
2024-04-29 11:19:04-04:00,"(-16.5180055972, -68.1459634379)"
2024-04-29 13:05:00-05:00,"(32.89964998, -96.9284134801)"
2024-05-24 09:12:30-04:00,"(40.30487, -83.0313638333)"
2024-05-26 07:28:00+05:30,"(21.0231868449, 75.568188631)"
2024-05-28 13:02:54-05:00,"(41.8053360519, -87.8715250939)"
2024-05-31 08:03:55-05:00,"(43.3406916667, -89.6095416667)"
2024-06-02 11:15:44-05:00,"(38.5782883333, -90.463875)"
2024-06-03 15:51:43-05:00,"(32.8927380205, -96.7365727946)"
2024-06-05 10:34:56-05:00,"(40.7977166667, -96.6701283333)"
2024-06-05 15:55:48-05:00,"(32.8561662651, -98.0673953707)"
2024-06-11 09:46:57-05:00,"(30.0256720232, -94.0327648726)"
2024-06-11 09:52:47-05:00,"(30.0256706821, -94.0327987355)"
2024-06-16 10:33:16-05:00,"(30.085203, -97.842793)"
2024-06-18 12:02:05-05:00,"(38.9415866667, -94.3365333333)"
2024-06-19 11:01:33-05:00,"(44.36480855, -90.1118252)"
2024-06-21 08:13:04-05:00,"(29.709875, -95.410675)"
2024-06-21 11:32:18-05:00,"(41.9226798751, -87.6337161046)"
2024-06-21 08:04:36-05:00,"(32.61612, -96.8263083333)"
2024-06-21 08:45:36-05:00,"(32.5750783333, -97.4459)"
2024-06-22 08:40:34-05:00,"(33.4518180389, -95.597143649)"
2024-06-22 15:28:19-05:00,"(33.0866388744, -96.7035854795)"
2024-06-18 11:13:11-05:00,"(33.5486790693, -94.182852003)"
2024-06-25 07:08:34-05:00,"(32.7863416667, -96.82878)"
2024-06-26 11:37:43-05:00,"(30.4149062271, -97.738988722)"
2024-06-26 19:25:07-05:00,"(38.5804868583, -90.4044445977)"
2024-06-29 11:38:39-05:00,"(38.9175861799, -94.7796016143)"
2024-06-30 19:06:28-05:00,"(38.8932083333, -94.1957777778)"
2024-07-02 09:18:09-04:00,"(41.5887827, -84.5739414)"
2024-07-04 18:05:40-05:00,"(38.893975, -94.1945277778)"
2024-07-04 14:49:02-05:00,"(35.1972616667, -89.9869216667)"
2024-07-08 18:22:22-05:00,"(36.685599, -93.104854)"
2024-07-09 18:41:36-06:00,"(45.65457443, -111.19072668)"
2024-07-08 20:25:00-05:00,"(30.3540656269, -97.6038199791)"
2023-08-25 19:06:00-05:00,"(39.2543241997, -94.5695541997)"
2024-07-11 15:43:34-05:00,"(29.7162666667, -95.3955)"
2024-07-12 09:42:42-05:00,"(38.1721967692, -92.8991461639)"
2024-07-12 12:44:46-05:00,"(39.05263188, -94.3949686551)"
2024-07-13 10:17:05-05:00,"(30.5268333333, -97.715745)"
2024-07-13 07:48:48-05:00,"(33.0511027778, -96.6623666667)"
2024-07-15 09:01:54-05:00,"(33.0623527778, -96.7747944444)"
2024-07-02 19:05:21-05:00,"(42.06768377, -87.77383113)"
2024-07-15 20:30:21-05:00,"(33.6643216846, -95.4611531344)"
2024-07-16 14:17:41-05:00,"(37.1350150333, -94.3021849833)"
2024-07-16 13:32:23-05:00,"(27.5463519722, -97.8814969722)"
2024-07-16 15:55:19-04:00,"(41.3980985, -82.55031025)"
2024-07-16 15:57:36-04:00,"(41.39889939, -82.54936127)"
2024-07-17 12:20:28-05:00,"(32.70232, -97.3854833333)"
2024-07-17 15:28:58-05:00,"(32.4420283333, -96.856745)"
2024-07-17 15:40:07-05:00,"(32.443905553, -96.8568898925)"
2024-07-18 11:30:01-05:00,"(32.6925033333, -97.3830466667)"
2024-07-19 19:02:41-05:00,"(39.4010466667, -94.5560383333)"
2024-07-22 10:12:51-04:00,"(41.9724934549, -83.268075306)"
2024-07-22 10:27:52-04:00,"(42.9128597584, -81.3688238059)"
2024-07-23 09:55:07-05:00,"(37.1431327519, -88.0501165049)"
2024-06-27 07:06:53-05:00,"(38.7650093302, -89.9708678841)"
2024-07-24 18:50:36-05:00,"(36.3771283333, -95.378555)"
2024-07-24 08:01:50-05:00,"(39.2592166667, -94.2336366667)"
2024-07-24 14:21:10-05:00,"(39.1108021514, -96.6108804569)"
2024-07-25 20:11:49-04:00,"(39.6708407662, -84.0091751573)"
2024-07-25 19:55:42-05:00,"(32.6025116667, -97.500655)"
2024-07-27 12:57:05-04:00,"(35.9684690613, -78.6437438424)"
2024-07-27 17:57:08-05:00,"(39.0621635969, -94.3365667216)"
2024-07-27 06:57:00-05:00,"(38.5774888889, -95.2631972222)"
2024-07-30 16:49:00-05:00,"(33.0857835023, -96.7008384756)"
2024-08-01 12:21:53-05:00,"(41.9795342347, -87.6798767872)"
2024-07-30 07:57:00+05:30,"(21.1323424494, 75.5331263074)"
2024-08-01 14:53:00-05:00,"(30.8412327038, -96.9840436669)"
2024-08-03 08:46:56-05:00,"(32.7350416667, -96.7230888889)"
2024-08-03 16:28:21-05:00,"(49.864998386, -100.0413035346)"
2024-08-04 13:17:15-06:00,"(21.1104151367, -101.7570384219)"
2024-07-20 13:44:00-05:00,"(42.0989055556, -90.1588722222)"
2024-08-05 08:55:38-05:00,"(33.1302944444, -96.84655)"
2024-08-06 09:04:03-05:00,"(43.64794874, -96.76739802)"
2024-08-06 09:45:48-05:00,"(44.4668731559, -93.198100906)"
2024-08-06 11:50:04+02:00,"(44.6497138889, 11.530575)"
2024-08-07 15:36:49-05:00,"(36.1407471667, -86.8075716667)"
2024-08-07 20:10:56-05:00,"(33.2365281321, -96.7606886198)"
2024-08-08 10:33:46-04:00,"(42.5504766, -86.1327526997)"
2024-08-08 17:58:04-05:00,"(42.2168924895, -87.822499855)"
2024-08-08 19:25:36-05:00,"(39.2576351035, -90.8978003821)"
2024-08-06 18:32:12-05:00,"(39.17177, -96.5765083333)"
2024-08-06 18:38:28-05:00,"(39.1718333333, -96.5771116667)"
2024-08-08 17:38:00-05:00,"(44.2392583333, -87.5125277778)"
2024-08-11 18:23:27-05:00,"(43.0752794271, -89.2974237695)"
2024-08-12 10:07:18-05:00,"(33.2586322585, -96.655584667)"
2024-08-12 10:07:44-05:00,"(33.258644999, -96.6556095612)"
2024-08-13 12:06:31-04:00,"(40.6559888878, -87.0151366124)"
2024-08-13 12:35:10-04:00,"(40.6559076357, -87.0091931179)"
2024-08-13 12:57:52-04:00,"(40.655966679, -87.0088856517)"
2024-08-12 11:56:00-04:00,"(37.7572806084, -84.7904890352)"
2024-08-14 18:05:33-05:00,"(41.993674922, -87.7059749678)"
2024-08-15 11:26:29-04:00,"(38.9753616667, -85.0416945)"
2024-08-15 11:12:29-05:00,"(37.9149583333, -93.9832194444)"
2024-08-15 13:20:03-05:00,"(34.6850833, -92.1847944)"
2024-08-16 07:02:00-05:00,"(35.9249906954, -94.1808616575)"
2024-08-16 07:05:00-05:00,"(34.6292972222, -92.8927083333)"
2024-08-15 11:51:26-05:00,"(34.6912323997, -92.2153998997)"
2024-08-17 10:02:22-05:00,"(39.04128955, -94.27839688)"
2024-08-17 09:01:12-07:00,"(34.1475221667, -117.9293866667)"
2024-08-17 08:57:13-07:00,"(34.1474917, -117.9292705997)"
2024-08-17 09:02:00-07:00,"(34.1475520533, -117.9293837533)"
2024-08-18 12:40:45-04:00,"(40.6292011333, -87.0396939167)"
2024-08-18 20:30:39-04:00,"(39.805805, -84.1029138333)"
2024-08-09 12:40:00-05:00,"(44.1800416667, -87.519445)"
2024-08-09 12:41:00-05:00,"(44.1800633333, -87.519425)"
2024-08-20 15:21:31-05:00,"(43.1524805556, -93.1613611111)"
2024-08-23 09:00:55-05:00,"(38.9357793052, -92.944228733)"
2024-08-21 11:45:00-05:00,"(41.4789086544, -87.4547606707)"
2024-08-23 19:48:38-05:00,"(40.52780306, -88.99866957)"
2024-08-14 07:08:00+05:30,"(21.0233807332, 75.5675997861)"
2024-08-14 07:20:00+05:30,"(21.0233807332, 75.5675997861)"
2009-11-05 14:51:00-06:00,"(36.1633861122, -86.772324448)"
2024-08-25 14:43:05-04:00,"(39.2480549333, -84.4272975177)"
2024-08-25 19:40:00-05:00,"(31.536375, -97.0747388333)"
2024-08-24 20:06:03-05:00,"(36.1340008826, -97.065499584)"
2024-08-25 00:00:00,"(35.9906582829, -95.8523340053)"
2024-08-27 11:31:57-04:00,"(38.2765274495, -85.7648508903)"
2024-08-27 11:37:32-05:00,"(39.8771680339, -88.9002556021)"
2024-08-27 12:55:09-05:00,"(42.5338522671, -87.8397138231)"
2024-08-27 12:48:03-05:00,"(37.7064283333, -97.3504466667)"
2024-08-27 12:31:41-05:00,"(37.7066633333, -97.351425)"
2024-08-29 12:01:45-05:00,"(44.2841189722, -88.465213)"
2024-08-14 19:54:10-04:00,"(42.29575, -82.92163)"
2024-08-28 15:26:09+02:00,"(45.0989861111, 9.5791888889)"
2024-08-29 16:11:09-05:00,"(29.9559500954, -90.0621856749)"
2024-08-29 15:58:52-05:00,"(29.9555036168, -90.0624277443)"
2024-08-28 12:11:29-06:00,"(19.3784009877, -99.0611236542)"
2024-08-31 11:27:53-05:00,"(38.5873910765, -90.4234822769)"
2024-09-01 17:34:00-04:00,"(39.9647562872, -83.4781375543)"
2024-09-01 14:44:06-05:00,"(47.6240045997, -96.8783289997)"
2024-09-01 14:24:41-05:00,"(44.4663583333, -93.1528695)"
2024-08-31 13:12:29-05:00,"(37.0994333333, -94.462975)"
2024-09-02 10:06:00-05:00,"(36.033353013, -95.1906665116)"
2024-09-02 15:48:04-05:00,"(44.974653963, -93.3537309711)"
2024-09-02 19:22:38-05:00,"(33.202728, -97.231579)"
2024-09-02 19:23:18-05:00,"(33.202791, -97.23159)"
2024-09-02 16:08:00-05:00,"(32.8530216389, -96.72871)"
2024-09-03 10:54:46-04:00,"(44.1890314249, -73.238275737)"
2024-09-03 11:15:24-04:00,"(44.1709633491, -73.3792694325)"
2024-09-04 09:37:20-05:00,"(43.1951616667, -88.0525971667)"
2024-09-04 12:35:26-05:00,"(38.9694783333, -94.7013333333)"
2024-09-04 10:12:00-05:00,"(30.06351111, -95.27760278)"
2024-09-03 18:44:39-04:00,"(39.872923, -86.2968999722)"
2024-09-05 12:58:44-05:00,"(33.45573604, -95.88473866)"
2024-09-05 16:31:47-05:00,"(44.7923630756, -93.4023640306)"
2024-09-07 11:46:07-05:00,"(44.8261596004, -93.2317234784)"
2024-09-07 12:25:55-05:00,"(44.2687277221, -96.763997376)"
2024-09-07 13:39:42-05:00,"(33.7368983333, -96.752075)"
2024-09-06 12:02:00+02:00,"(45.1037613, 17.9287148999)"
2024-09-06 16:39:00+02:00,"(45.0983404999, 18.0968471)"
2024-09-06 17:25:00+02:00,"(45.0779848, 18.1746023)"
2024-09-06 18:02:00+02:00,"(45.109469, 18.2089377)"
2024-09-08 12:31:53-04:00,"(43.6036616667, -84.2798833333)"
2024-09-07 11:23:00+05:30,"(28.8692202656, 79.6340255812)"
2024-09-08 13:49:24-05:00,"(38.918695, -94.78003)"
2024-09-08 10:23:54-05:00,"(46.4694058308, -96.8745268509)"
2024-09-07 18:45:37-05:00,"(36.1655396179, -95.9344203654)"
2024-09-09 09:23:41-05:00,"(33.0618449534, -96.7650087365)"
2024-09-09 10:50:33-05:00,"(37.8103418912, -97.1567045542)"
2024-09-09 12:26:15-05:00,"(29.2845537008, -95.3206004458)"
2024-09-10 10:56:45-05:00,"(32.815483, -96.864182)"
2024-09-10 10:35:54-05:00,"(42.7169364042, -96.5868445113)"
2024-09-08 16:37:00-04:00,"(40.513275, -86.7963027778)"
2024-09-11 13:01:26-04:00,"(39.1027864209, -84.8376923707)"
2024-09-11 16:58:19-05:00,"(38.3397888889, -93.7759361111)"
2024-09-11 11:42:32-05:00,"(41.341305, -96.1353916667)"
2024-09-12 11:08:16-05:00,"(40.470684981, -91.0246663728)"
2024-09-12 15:21:29-05:00,"(39.3503583333, -87.9517216667)"
2024-08-27 03:13:00+05:30,"(28.9391591162, 79.8035831004)"
2024-09-08 00:00:00,"(28.9394375634, 79.8025323451)"
2024-09-13 12:31:18-05:00,"(41.9799833333, -87.8563216667)"
2024-09-13 12:48:42-05:00,"(36.495155, -94.292345)"
2024-09-13 10:45:34-04:00,"(45.96993698, -81.85598746)"
2024-09-13 19:54:21-05:00,"(42.00950555, -93.6746216667)"
2024-09-13 09:53:00-04:00,"(41.0434916667, -85.2038805556)"
2024-09-01 12:24:00-05:00,"(42.625354682, -88.1234963629)"
2024-09-13 13:22:10-05:00,"(30.4353583333, -97.6119083333)"
2024-09-14 17:11:00-05:00,"(37.9362833333, -91.9788805556)"
2024-09-15 16:58:27-04:00,"(39.359897345, -82.1122683516)"
2024-09-16 13:00:04-05:00,"(33.454575, -88.7862333333)"
2024-09-16 18:42:29-05:00,"(38.75457, -90.1719583333)"
2024-09-09 13:11:56-05:00,"(32.6431838451, -96.7808871369)"
2024-09-18 15:52:11-04:00,"(39.1166305, -84.8443833333)"
2024-09-18 10:03:00+02:00,"(45.5638514, 11.3750573)"
2024-09-19 10:25:39-05:00,"(44.0165166667, -88.1200111667)"
2024-09-18 12:05:55-05:00,"(37.0948361667, -94.46277)"
2024-09-16 08:54:15-05:00,"(30.271257571, -97.7760582353)"
2024-09-20 12:17:09-04:00,"(40.42499824, -86.91394395)"
2024-09-20 11:04:06-05:00,"(37.1584046997, -95.4495265)"
2024-09-11 07:31:00+05:30,"(21.0203881711, 75.568691964)"
2024-09-20 07:19:09-05:00,"(30.5225182149, -90.1268504815)"
2024-09-21 11:42:42-05:00,"(43.894169821, -88.5272121687)"
2024-09-21 12:02:58-05:00,"(43.8922552642, -88.5306145803)"
2024-09-18 10:32:40-06:00,
2024-09-21 18:09:00-04:00,"(39.7157003544, -85.1188007542)"
2024-09-22 12:36:35-04:00,"(42.4081219722, -72.623947)"
2006-09-02 16:33:00+02:00,"(49.50811513, 8.45324993)"
2024-09-23 17:48:03-05:00,"(41.6469829, -91.5137253)"
2024-09-23 18:00:01-05:00,"(41.9435666667, -88.31075)"
2024-09-23 16:49:00-05:00,"(33.0352946363, -96.9100764418)"
2024-09-25 08:56:12-05:00,"(43.1722799549, -89.209450828)"
2024-09-25 15:19:01-04:00,"(40.01639445, -83.01649445)"
2024-09-25 16:42:33-05:00,"(42.7203417456, -95.1000185651)"
2024-09-25 17:01:49-05:00,"(43.0521242348, -89.4355447056)"
2024-09-25 16:36:25-05:00,"(36.1579445, -86.6200116667)"
2024-09-07 09:44:57-05:00,"(29.1944416667, -94.9514383333)"
2024-09-26 11:01:20-05:00,"(41.8426473082, -95.3254943282)"
2024-09-27 09:50:00-05:00,"(43.0972578253, -87.9040298097)"
2024-09-27 11:09:00-05:00,"(32.9447072, -95.9824959997)"
2024-09-27 15:27:37-05:00,"(37.7254133333, -97.393005)"
2024-09-28 13:09:15-05:00,"(41.8722416667, -88.179955)"
2024-09-29 08:54:07-05:00,"(32.3863833333, -97.6501383333)"
2024-09-25 11:20:23-05:00,"(40.0898779722, -88.2374559722)"
2024-09-29 16:35:07-05:00,"(44.6720383333, -92.965295)"
2024-09-30 13:15:57-05:00,"(42.6391449575, -95.2104758671)"
2024-09-30 16:35:05-05:00,"(42.5534350163, -95.6461704014)"
2024-09-30 17:08:43-05:00,"(42.560596698, -95.6551956503)"
2024-09-28 14:02:37+02:00,"(45.0644527778, 10.0457861111)"
2024-08-19 06:36:28-05:00,"(41.1873666667, -87.962745)"
2024-08-19 07:22:16-05:00,"(41.1875616667, -87.9654083333)"
2024-10-01 15:30:44-05:00,"(44.6959533333, -93.1690616667)"
2024-10-02 15:30:54-05:00,"(43.4359950386, -96.1654484366)"
2024-10-02 09:34:05-05:00,"(38.4579666667, -90.35353)"
2024-10-02 09:06:38-05:00,"(38.45788, -90.3511116667)"
2024-10-02 12:22:59-05:00,"(37.775865, -87.3901829722)"
2024-10-03 14:18:00-04:00,"(44.12060335, -79.49265242)"
2024-10-04 16:36:54+02:00,"(44.9789923, 8.8716073)"
2024-10-04 10:50:00-05:00,"(43.3227631973, -89.3659267794)"
2024-10-05 10:21:38-05:00,"(44.7263666667, -93.584205)"
2024-10-05 11:07:31-05:00,"(33.0608339722, -96.9632009722)"
2024-10-05 10:27:23-05:00,"(33.0634439722, -96.9651319722)"
2024-10-05 14:33:40-05:00,"(43.2590116667, -89.9541033333)"
2024-10-06 18:22:04-05:00,"(41.9465361111, -90.1237888889)"
2024-10-06 18:36:20-05:00,"(44.94058472, -93.25663492)"
2024-10-06 10:53:00-05:00,"(43.0973956997, -87.9034639997)"
2024-10-06 17:02:12-05:00,"(39.1301277778, -96.4397944444)"
2024-10-06 17:00:17-05:00,"(39.1299861111, -96.4398472222)"
2024-10-07 07:51:27-05:00,"(29.8128863, -95.7347388)"
2024-10-07 15:48:26-05:00,"(43.725855, -91.2064366667)"
2024-10-07 18:06:29-05:00,"(42.6405095389, -95.2120449583)"
2024-10-08 09:23:36-04:00,"(40.6280207333, -87.0580810833)"
2024-10-08 13:58:28-04:00,"(40.6283974667, -87.0307974833)"
2024-10-09 12:56:47-04:00,"(40.6556983667, -87.0425648833)"
2024-10-10 08:41:00-05:00,"(43.1020188, -87.9110940997)"
2024-10-10 17:00:37-05:00,"(38.8620351472, -90.2817424778)"
2024-10-11 16:54:00-05:00,"(36.0442633333, -94.1336416667)"
2024-10-12 11:35:16-05:00,"(42.2971833333, -97.0544278333)"
2024-10-12 12:58:49-05:00,"(41.5322470997, -87.2262341997)"
2024-10-13 13:17:25-04:00,"(40.419708252, -86.9079208374)"
2024-10-13 15:31:27-05:00,"(42.6407066667, -95.21294)"
2024-10-13 17:14:30-05:00,"(38.8636805556, -94.3093111111)"
2024-10-13 11:49:58-04:00,"(39.1201333333, -84.845855)"
2017-08-24 14:40:00-05:00,"(44.2611036566, -94.7203467812)"
2024-10-15 15:22:49-05:00,"(40.8556185004, -87.182024384)"
2024-10-16 11:51:36-05:00,"(41.3424194444, -88.1303027778)"
2024-10-14 08:11:05-05:00,"(38.1384919722, -90.265741)"
2024-10-16 16:30:36-04:00,"(40.2207694444, -85.4353083333)"
2024-10-17 16:09:24-05:00,"(36.315989, -94.0135159722)"
2024-10-18 15:54:10-05:00,"(36.2898619722, -94.016073)"
2024-10-17 16:09:24-05:00,"(36.315989, -94.0135159722)"
2024-10-19 08:42:39-05:00,"(38.4244583333, -90.9623777778)"
2024-10-19 17:31:39-05:00,"(41.889100601, -94.0480712336)"
2024-10-19 17:30:19-04:00,"(34.81987, -77.185805)"
2024-10-19 09:46:00-05:00,"(33.4540216667, -95.9596116667)"
2024-10-20 17:05:23-05:00,"(41.6137666667, -87.9667583333)"
2024-10-13 10:22:43-05:00,"(39.3808666667, -94.7467116667)"
2024-10-21 13:12:56-05:00,"(41.2759263312, -96.1989547772)"
2024-10-21 14:13:04-04:00,"(39.1137555, -84.846955)"
2024-10-23 16:18:19-04:00,"(42.7027801941, -84.4626352456)"
2024-10-08 19:02:34-05:00,"(37.0321709722, -94.5413659722)"
2024-10-26 08:58:51-05:00,"(35.1329528333, -90.0662778333)"
2024-10-29 12:42:43-05:00,"(37.16868139, -93.43970245)"
2024-10-30 17:19:00-05:00,"(33.1833416667, -96.6293722222)"
2024-11-01 12:27:25-05:00,"(36.5342799741, -87.367116438)"
2024-11-02 08:08:21-05:00,"(41.3383916667, -88.784395)"
2024-10-05 10:56:00-05:00,"(33.03418, -96.659952)"
2024-11-02 11:54:00-05:00,"(30.5186933333, -97.625055)"
2024-11-04 10:30:33-06:00,"(36.0608945, -86.90702)"
2024-11-06 11:17:17-06:00,"(36.7739970776, -88.108442486)"
2024-11-06 11:21:01-06:00,"(36.7741498685, -88.1085050686)"
2024-11-09 09:52:11-06:00,"(34.0426271176, -90.6383376663)"
2024-10-31 08:17:59-05:00,"(36.61792, -93.2392833333)"
2024-07-26 10:30:00-05:00,"(35.81897, -86.4160083333)"
2024-10-19 11:05:00-05:00,"(33.03418, -96.659952)"
2024-11-23 10:22:00-06:00,"(32.884315, -96.5397383333)"
2024-11-23 10:23:00-06:00,"(32.884315, -96.5397383333)"
2024-08-02 08:51:59-05:00,"(40.4833166667, -95.699975)"
2024-10-18 11:10:02-04:00,"(41.3872216667, -81.2053533333)"
2024-12-04 12:56:37-06:00,"(32.7129973099, -97.2016236653)"
2024-12-03 17:21:09-06:00,"(29.5595883333, -98.2871333333)"
2024-12-05 12:29:14-06:00,"(41.6378194444, -87.8535777778)"
2005-10-29 13:45:00+02:00,"(49.50454807, 8.45332503)"
2024-10-06 11:02:20-05:00,"(34.6918904997, -92.2151810997)"
2024-12-16 11:31:00-06:00,"(41.1746033333, -95.890225)"
2008-09-03 06:27:00+02:00,"(49.5070283166, 8.4487009)"
2008-09-21 16:24:00+02:00,"(49.5081778333, 8.45415115)"
2024-08-08 10:18:56-05:00,"(32.752166, -97.491962)"
2024-10-01 12:32:19-04:00,"(41.0746305, -85.1642221667)"
