Sample,Homo,Het,Haploid.Cov,Error.Rate,Model.Fit,Genome.Size..b.,Genome.Size..Mb.,Label,Pop.x,Family,Env.x,Sex,Treatment,Sample.1,EPSPS_het,EPSPS_cov,EPSPS_copy,EPSPS_err,EPSPS_fit,EPSPS_length,scaling,EPSPS_scaledcov,EPSPS_scaledcopy,EPSPS_mapped_cov_mean,EPSPS_mapped_cov_var,Env.y,Pop.y,Unnamed: 28,Unnamed: 29,Pair,plinkorder,sample2,decimalLongitude,decimalLatitude,SeqNames,Unnamed: 36,Unnamed: 37,Unnamed: 38,Unnamed: 39,Unnamed: 40,Unnamed: 41,Unnamed: 42,year,land_cover_class,top_class_1000m,proportion_agricultural_1000m,shannon_idx_1000m,proportion_natural_1000m,Unnamed: 49,Unnamed: 50,BIO4 = Temperature Seasonality (standard deviation Ã—100),Shannon idx,fipsx,"2,4-D",ATRAZINE,DICAMBA,GLUF OSINATE,GLYPHOSATE,METOLACHLOR,bio_17,bio_10,bio_01,bio_04,bio_15
342,97.8,2.16,13.1,0.00424,0.939,562115666.0,562.115666,Allentown_Ag_124_F_So,Allentown,124.0,Ag,F,So,342.0,0.0139,53.2,4.061068702,0.00697,4.32,11098.0,1.1098,59.04136,4.506974046,4.216611,0.967375,Agricultural,Allentown,,,12.0,128.0,342.0,-89.48221204,40.55406597,P12_Ag,,,,,,,,2018,"Developed, Low Intensity",Cultivated Crops,92.28429204,0.330400266,92.28429204,,,,,17179,18770.4,66467.7,22680.2,5013.6,145886.1,4884.3,2.3438158e-08,297.05176,284.30453,1072.8025,0.42510763
450,97.1,2.86,14.4,0.00322,0.724,538712096.0,538.712096,Knox_Nat_129_F_Co,Knox,129.0,Nat,F,Co,450.0,0.0264,14.9,1.034722222,0.00543,0.613,11252.0,1.1252,16.76548,1.164269444,1.076537,0.168312,Natural,Knox,,,15.0,110.0,450.0,-86.746256,41.31732501,P15_Nat,,,,,,,,2018,Woody Wetlands,Woody Wetlands,19.61325967,1.20115978,19.61325967,,,,,18149,2756.5,13171.5,7393.4,1462.6,47365.2,4466.7,3.228768e-08,296.8684,284.2088,1039.7712,0.35223144
503,97.3,2.72,13.3,0.00492,0.989,524468355.0,524.468355,Mccombe_Ag_4_F_Wa,Mccombe,4.0,Ag,F,Wa,503.0,1e-05,7.46,0.4721518987,0.00535,0.4,24359.0,2.4359,18.171814,1.15011481,1.179016,0.259149,Agricultural,Mccombe,,,2.0,21.0,503.0,-83.78943597,41.06360497,P2_Ag,,,,,,,,2018,"Developed, Low Intensity",Cultivated Crops,85.55617045,0.7680947532,85.55617045,,,,,39063,18613.7,48696.8,2929.9,6853.9,109614.5,5550.2,2.747639e-08,296.08673,284.08786,990.5662,0.29595977
556,97.6,2.39,16.5,0.00342,0.965,514089892.0,514.089892,Hernan_Ag_120_NA_Wa,Hernan,120.0,Ag,,Wa,556.0,0.0129,48.7,3.580882353,0.00626,1.77,10989.0,1.0989,53.51643,3.935031618,3.286214,0.458992,Agricultural,Hernan,,,9.0,20.0,556.0,-91.51230698,38.63920603,P9_Ag,,,,,,,,2018,"Developed, Low Intensity",Deciduous Forest,37.58649322,1.626719696,37.58649322,,,,,29073,324.3,2936.2,183.5,4326.6,4947.6,596.0,2.4192978e-08,299.14294,286.57193,1032.7964,0.3882354
4801,97.7,2.27,11.4,0.00286,0.794,535874656.0,535.874656,Hernan_Ag_86_M_Co,Hernan,86.0,Ag,M,Co,4801.0,0.00128,35.3,2.654135338,0.00658,0.958,11768.0,1.1768,41.54104,3.123386466,3.566278,0.5293,Agricultural,Hernan,,,9.0,133.0,4801.0,-91.51230698,38.63920603,P9_Ag,,,,,,,,2018,"Developed, Low Intensity",Deciduous Forest,37.58649322,1.626719696,37.58649322,,,,,29073,324.3,2936.2,183.5,4326.6,4947.6,596.0,2.4192978e-08,299.14294,286.57193,1032.7964,0.3882354
4802,97.0,2.95,13.3,0.00296,0.731,560942888.0,560.942888,Allentown_Ag_24_F_Wa,Allentown,24.0,Ag,F,Wa,4802.0,0.00159,43.7,2.648484848,0.00576,1.33,10974.0,1.0974,47.95638,2.906447273,3.35316,0.575802,Agricultural,Allentown,,,12.0,80.0,4802.0,-89.48221204,40.55406597,P12_Ag,,,,,,,,2018,"Developed, Low Intensity",Cultivated Crops,92.28429204,0.330400266,92.28429204,,,,,17179,18770.4,66467.7,22680.2,5013.6,145886.1,4884.3,2.3438158e-08,297.05176,284.30453,1072.8025,0.42510763
4803,97.1,2.85,14.1,0.00307,0.754,533533114.0,533.533114,FoxRidge_Nat_199_F_Wa,FoxRidge,199.0,Nat,F,Wa,4803.0,0.0239,14.6,1.280701754,0.004,0.671,12257.0,1.2257,17.89522,1.56975614,1.164527,0.243804,Natural,FoxRidge,,,4.0,83.0,4803.0,-88.163216,39.393248,P4_Nat,,,,,,,,2018,Woody Wetlands,Deciduous Forest,35.66105437,1.564507448,35.66105437,,,,,17029,15017.6,56152.7,17407.8,15476.6,100204.3,5063.0,3.3615564e-08,298.33832,286.11453,1032.1761,0.3376125
4806,97.3,2.69,12.8,0.00262,0.722,528787074.0,528.787074,WeldonSprings_Nat_15_F_Co,WeldonSprings,15.0,Nat,F,Co,4806.0,0.1,23.6,1.77443609,0.0173,0.584,5075.0,0.5075,11.977,0.9005263158,1.116444,0.106826,Natural,WeldonSprings,,,8.0,79.0,4806.0,-90.73639403,38.65643696,P8_Nat,,,,,,,,2018,"Developed, Low Intensity",Cultivated Crops,32.41895262,1.606827745,32.41895262,,,,,29183,989.8,15110.8,530.1,19564.9,22434.9,2563.9,2.632137e-08,298.78442,286.5387,1016.80695,0.39897746
4809,96.8,3.22,14.3,0.0023,0.724,561666855.0,561.666855,Pekin_Nat_150_F_Co,Pekin,150.0,Nat,F,Co,4809.0,0.0152,13.8,0.9787234043,0.00408,0.984,12801.0,1.2801,17.66538,1.25286383,1.04624,0.405365,Natural,Pekin,,,12.0,101.0,4809.0,-89.65567603,40.57469501,P12_Nat,,,,,,,,2018,"Developed, Medium Intensity",Cultivated Crops,29.4329184,1.881461538,29.4329184,,,,,17179,18770.4,66467.7,22680.2,5013.6,145886.1,4884.3,2.34655e-08,297.3527,284.3939,1084.3057,0.47166124
4810,97.0,2.95,12.2,0.00228,1.0,569610640.0,569.61064,Keysport_Nat_197_M_Co,Keysport,197.0,Nat,M,Co,4810.0,0.0153,18.3,1.4296875,0.00666,0.517,11391.0,1.1391,20.84553,1.628557031,1.504869,0.159442,Natural,Keysport,,,5.0,146.0,4810.0,-89.277403,38.732444,P5_Nat,,,,,,,,2018,Water,Water,23.25131324,1.734988754,23.25131324,,,,,17027,13529.3,65777.3,8703.3,16995.6,103356.1,2734.1,3.4570604e-08,298.82028,286.79904,1015.1073,0.33375627
4813,97.5,2.55,12.8,0.00285,0.942,518594016.0,518.594016,Lawrence_Nat_101_F_Wa,Lawrence,101.0,Nat,F,Wa,4813.0,0.00554,25.0,1.748251748,0.00758,2.17,11098.0,1.1098,27.745,1.94020979,2.171054,0.350131,Natural,Lawrence,,,17.0,117.0,4813.0,-95.241462,38.927036,P17_Nat,,,,,,,,2018,"Developed, Medium Intensity",Pasture/Hay,41.77392278,1.872383738,41.77392278,,,,,20045,7054.8,19566.8,5187.5,3421.4,40296.8,1713.4,1.2132852e-08,299.45386,286.4504,1047.7438,0.49105367
4814,96.7,3.31,14.1,0.00265,0.835,528530158.0,528.530158,Jackson_Ag_20_F_Wa,Jackson,20.0,Ag,F,Wa,4814.0,1e-05,7.16,0.5868852459,0.00371,0.726,24627.0,2.4627,17.632932,1.445322295,1.095457,0.082737,Agricultural,Jackson,,,10.0,58.0,4814.0,-91.98047097,39.463458,P10_Ag,,,,,,,,2018,"Developed, Low Intensity",Pasture/Hay,67.40761323,1.309409922,67.40761323,,,,,29137,8358.8,24378.7,4740.3,21762.9,60580.1,10294.7,2.3983871e-08,298.90726,286.15054,1057.2158,0.35395035
4819,97.2,2.76,12.5,0.0032,0.858,530620247.0,530.620247,Pontiac_Nat_25_M_So,Pontiac,25.0,Nat,M,So,4819.0,0.0225,13.9,1.0859375,0.00518,0.332,11634.0,1.1634,16.17126,1.263379688,1.19192,0.354732,Natural,Pontiac,,,13.0,60.0,4819.0,-88.62446599,40.87326997,P13_Nat,,,,,,,,2018,"Developed, Low Intensity","Developed, Low Intensity",22.20994475,1.482814351,22.20994475,,,,,17105,13684.8,112573.9,19155.7,18440.1,195493.8,14489.9,2.3720114e-08,297.04355,284.3794,1066.926,0.35993263
4820,97.0,3.04,14.1,0.00253,0.709,550766396.0,550.766396,Hickory_Ag_90_M_Wa,Hickory,90.0,Ag,M,Wa,4820.0,0.0222,14.5,1.028368794,0.00666,0.222,11134.0,1.1134,16.1443,1.144985816,1.106761,0.291588,Agricultural,Hickory,,,11.0,56.0,4820.0,-90.26269396,40.17519498,P11_Ag,,,,,,,,2018,"Developed, Low Intensity",Cultivated Crops,68.22585109,1.123717256,68.22585109,,,,,17169,3751.2,33578.0,5021.8,2793.5,48683.3,1251.0,2.3356357e-08,298.07678,285.13168,1087.3728,0.37279233
4821,97.3,2.66,14.1,0.00223,0.605,570487434.0,570.487434,Gascondale_Nat_51_F_Co,Gascondale,51.0,Nat,F,Co,4821.0,0.0043,25.6,2.048,0.00663,1.69,12301.0,1.2301,31.49056,2.5192448,2.002971,0.534191,Natural,Gascondale,,,9.0,57.0,4821.0,-91.55559699,38.66783702,P9_Nat,,,,,,,,2018,Barren Land,Deciduous Forest,22.9980604,1.839746041,22.9980604,,,,,29073,324.3,2936.2,183.5,4326.6,4947.6,596.0,2.4192978e-08,299.14294,286.57193,1032.7964,0.3882354
4822,96.9,3.06,13.4,0.00196,0.671,543383187.0,543.383187,Keysport_Nat_191_M_Co,Keysport,191.0,Nat,M,Co,4822.0,0.124,22.2,1.574468085,0.0169,1.2,5244.0,0.5244,11.64168,0.8256510638,0.990444,0.162092,Natural,Keysport,,,5.0,53.0,4822.0,-89.277403,38.732444,P5_Nat,,,,,,,,2018,Water,Water,23.25131324,1.734988754,23.25131324,,,,,17027,13529.3,65777.3,8703.3,16995.6,103356.1,2734.1,3.4570604e-08,298.82028,286.79904,1015.1073,0.33375627
4826,96.5,3.53,13.2,0.00231,1.19,525025150.0,525.02515,Pontoon_Nat_45_M_Co,Pontoon,45.0,Nat,M,Co,4826.0,0.0078,24.2,1.716312057,0.00588,3.05,11847.0,1.1847,28.66974,2.033314894,2.145032,0.425777,Natural,Pontoon,,,6.0,70.0,4826.0,-90.068054,38.699066,P6_Nat,,,,,,,,2018,"Developed, Low Intensity",Cultivated Crops,42.34383637,1.522509971,42.34383637,,,,,17119,10957.8,47218.0,11931.3,5652.4,93448.2,5852.5,3.0459518e-08,298.86435,286.64774,1022.4627,0.36846083
4828,97.4,2.6,11.7,0.0019,0.573,540102818.0,540.102818,Nunemaker_Ag_100_M_Co,Nunemaker,100.0,Ag,M,Co,4828.0,0.00102,47.9,3.574626866,0.00496,1.12,10789.0,1.0789,51.67931,3.856664925,4.300915,0.740663,Agricultural,Nunemaker,,,16.0,41.0,4828.0,-95.215847,38.988681,P16_Ag,,,,,,,,2018,Cultivated Crops,Cultivated Crops,47.75578478,1.710170229,47.75578478,,,,,20045,7054.8,19566.8,5187.5,3421.4,40296.8,1713.4,1.2132852e-08,299.45386,286.4504,1047.7438,0.49105367
4830,97.1,2.87,10.9,0.00265,0.548,534286358.0,534.286358,MarkTwain_Nat_19_F_Co,MarkTwain,19.0,Nat,F,Co,4830.0,0.105,18.1,1.371212121,0.0156,1.46,5856.0,0.5856,10.59936,0.8029818182,1.071802,0.128693,Natural,MarkTwain,,,10.0,77.0,4830.0,-91.68243396,39.46407096,P10_Nat,,,,,,,,2018,Barren Land,Deciduous Forest,33.64797335,1.603964952,33.64797335,,,,,29173,6181.3,21133.4,3478.9,16007.1,46770.7,8687.6,2.3983871e-08,298.90726,286.15054,1057.2158,0.35395035
4832,96.5,3.46,11.3,0.00222,0.584,558324540.0,558.32454,Kakanee_Nat_181_M_So,Kakanee,181.0,Nat,M,So,4832.0,0.138,21.0,1.794871795,0.0173,0.586,5055.0,0.5055,10.6155,0.9073076923,1.069952,0.182479,Natural,Kakanee,,,14.0,92.0,4832.0,-87.89857297,41.15132703,P14_Nat,,,,,,,,2018,"Developed, Low Intensity","Developed, Low Intensity",5.109085888,1.724995542,5.109085888,,,,,17091,7599.6,67040.6,9814.2,9303.1,108801.1,7824.2,2.6512279e-08,296.63098,283.97635,1040.8037,0.32317045
4841,97.0,2.95,13.6,0.00321,0.865,513110162.0,513.110162,Pontiac_Nat_93_M_Co,Pontiac,93.0,Nat,M,Co,4841.0,0.0202,15.1,1.385321101,0.00458,1.15,11379.0,1.1379,17.18229,1.576356881,1.113472,0.115517,Natural,Pontiac,,,13.0,180.0,4841.0,-88.62446599,40.87326997,P13_Nat,,,,,,,,2018,"Developed, Low Intensity","Developed, Low Intensity",22.20994475,1.482814351,22.20994475,,,,,17105,13684.8,112573.9,19155.7,18440.1,195493.8,14489.9,2.3720114e-08,297.04355,284.3794,1066.926,0.35993263
4846,97.3,2.66,16.5,0.00335,1.05,486210078.0,486.210078,Lawrence_Nat_173_M_So,Lawrence,173.0,Nat,M,So,4846.0,0.0022,47.8,4.230088496,0.00651,1.84,10870.0,1.087,51.9586,4.598106195,3.094492,0.53013,Natural,Lawrence,,,17.0,100.0,4846.0,-95.241462,38.927036,P17_Nat,,,,,,,,2018,"Developed, Medium Intensity",Pasture/Hay,41.77392278,1.872383738,41.77392278,,,,,20045,7054.8,19566.8,5187.5,3421.4,40296.8,1713.4,1.2132852e-08,299.45386,286.4504,1047.7438,0.49105367
4850,96.8,3.23,16.7,0.00321,0.728,512619072.0,512.619072,Mccombe_Ag_72_F_Wa,Mccombe,72.0,Ag,F,Wa,4850.0,0.00677,9.45,0.6948529412,0.00399,0.743,21238.0,2.1238,20.06991,1.475728676,1.096707,0.327764,Agricultural,Mccombe,,,2.0,102.0,4850.0,-83.78943597,41.06360497,P2_Ag,,,,,,,,2018,"Developed, Low Intensity",Cultivated Crops,85.55617045,0.7680947532,85.55617045,,,,,39063,18613.7,48696.8,2929.9,6853.9,109614.5,5550.2,2.747639e-08,296.08673,284.08786,990.5662,0.29595977
4854,97.3,2.71,14.4,0.00267,0.765,527127258.0,527.127258,Greenup_Ag_76_F_Co,Greenup,76.0,Ag,F,Co,4854.0,0.00223,44.5,2.696969697,0.00609,1.52,11277.0,1.1277,50.18265,3.041372727,3.384055,0.803276,Agricultural,Greenup,,,4.0,51.0,4854.0,-88.139778,39.305104,P4_Ag,,,,,,,,2018,Cultivated Crops,Cultivated Crops,56.18442849,1.282806593,56.18442849,,,,,17035,9109.4,29150.7,11422.7,10059.2,58719.1,3004.6,3.3615564e-08,298.33832,286.11453,1032.1761,0.3376125
4860,96.9,3.07,12.6,0.00389,1.01,518408244.0,518.408244,Pekin_Nat_123_M_So,Pekin,123.0,Nat,M,So,4860.0,0.152,21.9,1.311377246,0.0122,1.73,6535.0,0.6535,14.31165,0.8569850299,1.102063,0.229719,Natural,Pekin,,,12.0,181.0,4860.0,-89.65567603,40.57469501,P12_Nat,,,,,,,,2018,"Developed, Medium Intensity",Cultivated Crops,29.4329184,1.881461538,29.4329184,,,,,17179,18770.4,66467.7,22680.2,5013.6,145886.1,4884.3,2.34655e-08,297.3527,284.3939,1084.3057,0.47166124
4861,97.3,2.67,15.7,0.00318,0.702,522547215.0,522.547215,Greenup_Ag_190_F_Co,Greenup,190.0,Ag,F,Co,4861.0,0.0186,16.2,1.125,0.00492,0.513,11832.0,1.1832,19.16784,1.3311,1.145947,0.143322,Agricultural,Greenup,,,4.0,105.0,4861.0,-88.139778,39.305104,P4_Ag,,,,,,,,2018,Cultivated Crops,Cultivated Crops,56.18442849,1.282806593,56.18442849,,,,,17035,9109.4,29150.7,11422.7,10059.2,58719.1,3004.6,3.3615564e-08,298.33832,286.11453,1032.1761,0.3376125
4862,97.5,2.48,12.5,0.00183,0.673,543953470.0,543.95347,Baldwin_Ag_34_F_Co,Baldwin,34.0,Ag,F,Co,4862.0,0.1,17.8,1.412698413,0.00396,3.07,9905.0,0.9905,17.6309,1.399277778,0.988185,0.111893,Agricultural,Baldwin,,,17.0,33.0,4862.0,-95.171401,38.782048,P17_Ag,,,,,,,,2018,"Developed, Open Space",Pasture/Hay,45.95875139,1.717661031,45.95875139,,,,,20045,7054.8,19566.8,5187.5,3421.4,40296.8,1713.4,1.2132852e-08,299.45386,286.4504,1047.7438,0.49105367
4866,97.4,2.56,13.6,0.00348,0.949,515610240.0,515.61024,Pontoon_Nat_11_F_Wa,Pontoon,11.0,Nat,F,Wa,4866.0,0.00463,27.2,1.732484076,0.00644,2.28,11739.0,1.1739,31.93008,2.033763057,2.322241,0.395539,Natural,Pontoon,,,6.0,160.0,4866.0,-90.068054,38.699066,P6_Nat,,,,,,,,2018,"Developed, Low Intensity",Cultivated Crops,42.34383637,1.522509971,42.34383637,,,,,17119,10957.8,47218.0,11931.3,5652.4,93448.2,5852.5,3.0459518e-08,298.86435,286.64774,1022.4627,0.36846083
4869,97.0,3.0,12.7,0.00242,1.06,509096128.0,509.096128,Kansas_Nat_131_F_Wa,Kansas,131.0,Nat,F,Wa,4869.0,0.0317,13.3,1.064,0.00643,0.44,10263.0,1.0263,13.64979,1.0919832,1.052222,0.227898,Natural,Kansas,,,16.0,90.0,4869.0,-95.239938,39.001464,P16_Nat,,,,,,,,2018,Woody Wetlands,Cultivated Crops,39.82127897,1.933302765,39.82127897,,,,,20045,7054.8,19566.8,5187.5,3421.4,40296.8,1713.4,9.440709e-09,299.20645,285.90796,1073.8074,0.5576726
4873,97.2,2.84,11.1,0.00247,0.64,538334505.0,538.334505,Bradley_Ag_28_F_Co,Bradley,28.0,Ag,F,Co,4873.0,0.0046,22.1,1.625,0.00592,0.997,11269.0,1.1269,24.90449,1.8312125,2.100591,0.285796,Agricultural,Bradley,,,14.0,85.0,4873.0,-87.81988903,41.16467102,P14_Ag,,,,,,,,2018,Cultivated Crops,Cultivated Crops,69.40071803,0.983290477,69.40071803,,,,,17091,7599.6,67040.6,9814.2,9303.1,108801.1,7824.2,2.6512279e-08,296.63098,283.97635,1040.8037,0.32317045
4875,90.4,9.58,20.1,0.0135,1.23,246497027.0,246.497027,Weston_Ag_104_F_Wa,Weston,104.0,Ag,F,Wa,4875.0,0.18,19.7,1.551181102,0.00625,2.26,10491.0,1.0491,20.66727,1.627344094,1.200646,0.328376,Agricultural,Weston,,,1.0,109.0,4875.0,-83.79889,41.37218297,P1_Ag,,,,,,,,2018,"Developed, Medium Intensity",Cultivated Crops,82.48962656,0.6960728422,82.48962656,,,,,39173,20519.3,51872.6,3321.8,7535.9,120506.6,6009.6,2.747639e-08,296.08673,284.08786,990.5662,0.29595977
4876,96.9,3.13,14.8,0.00303,0.73,553376427.0,553.376427,Maume_Nat_35_F_Co,Maume,35.0,Nat,F,Co,4876.0,0.0168,15.2,1.369369369,0.00482,0.507,11320.0,1.132,17.2064,1.550126126,1.0588,0.135793,Natural,Maume,,,1.0,66.0,4876.0,-83.66247503,41.55656599,P1_Nat,,,,,,,,2018,"Developed, Low Intensity","Developed, Low Intensity",4.182825485,2.059166944,4.182825485,,,,,39095,4022.6,12178.8,617.0,1442.2,23929.0,1283.7,2.7012604e-08,296.11554,283.69983,1012.9189,0.2776276
4882,97.3,2.71,13.0,0.00226,0.802,541781510.0,541.78151,MarkTwain_Nat_53_M_Wa,MarkTwain,53.0,Nat,M,Wa,4882.0,0.00244,31.5,1.567164179,0.00546,1.87,11983.0,1.1983,37.74645,1.877932836,2.747158,0.722319,Natural,MarkTwain,,,10.0,106.0,4882.0,-91.68243396,39.46407096,P10_Nat,,,,,,,,2018,Barren Land,Deciduous Forest,33.64797335,1.603964952,33.64797335,,,,,29173,6181.3,21133.4,3478.9,16007.1,46770.7,8687.6,2.3983871e-08,298.90726,286.15054,1057.2158,0.35395035
4886,97.2,2.82,13.0,0.00286,0.719,529736917.0,529.736917,Mulberry_Ag_180_M_Wa,Mulberry,180.0,Ag,M,Wa,4886.0,0.00452,23.7,1.601351351,0.00732,1.44,11571.0,1.1571,27.42327,1.852923649,2.128193,0.362913,Agricultural,Mulberry,,,5.0,15.0,4886.0,-89.272475,38.755485,P5_Ag,,,,,,,,2018,"Developed, Open Space",Cultivated Crops,39.82300885,1.76620195,39.82300885,,,,,17005,6741.0,24958.5,8448.9,4030.5,60385.5,3878.4,3.4570604e-08,298.82028,286.79904,1015.1073,0.33375627
4887,96.9,3.07,11.8,0.0028,0.706,526940977.0,526.940977,HWY66_Ag_60_F_Co,HWY66,60.0,Ag,F,Co,4887.0,0.00493,21.5,1.653846154,0.00713,1.68,12040.0,1.204,25.886,1.991230769,2.148926,0.357236,Agricultural,HWY66,,,13.0,76.0,4887.0,-88.66930699,40.82949003,P13_Ag,,,,,,,,2018,"Developed, Low Intensity",Cultivated Crops,88.32136941,0.4664604114,88.32136941,,,,,17105,13684.8,112573.9,19155.7,18440.1,195493.8,14489.9,2.3720114e-08,297.04355,284.3794,1066.926,0.35993263
4888,96.9,3.15,15.1,0.00281,0.751,530709830.0,530.70983,Maume_Nat_160_F_So,Maume,160.0,Nat,F,So,4888.0,0.0323,15.4,1.184615385,0.00379,0.695,11350.0,1.135,17.479,1.344538462,1.015014,0.124533,Natural,Maume,,,1.0,71.0,4888.0,-83.66247503,41.55656599,P1_Nat,,,,,,,,2018,"Developed, Low Intensity","Developed, Low Intensity",4.182825485,2.059166944,4.182825485,,,,,39095,4022.6,12178.8,617.0,1442.2,23929.0,1283.7,2.7012604e-08,296.11554,283.69983,1012.9189,0.2776276
4891,97.0,3.04,13.3,0.00417,1.1,521042030.0,521.04203,Knox_Nat_97_M_Wa,Knox,97.0,Nat,M,Wa,4891.0,0.0212,13.5,1.144067797,0.00389,0.777,12656.0,1.2656,17.0856,1.447932203,1.162374,0.527466,Natural,Knox,,,15.0,111.0,4891.0,-86.746256,41.31732501,P15_Nat,,,,,,,,2018,Woody Wetlands,Woody Wetlands,19.61325967,1.20115978,19.61325967,,,,,18149,2756.5,13171.5,7393.4,1462.6,47365.2,4466.7,3.228768e-08,296.8684,284.2088,1039.7712,0.35223144
4895,97.4,2.56,12.8,0.00212,0.587,538280036.0,538.280036,Baldwin_Ag_102_F_Co,Baldwin,102.0,Ag,F,Co,4895.0,0.001,56.4,3.735099338,0.00483,1.7,11019.0,1.1019,62.14716,4.11570596,4.400806,0.881838,Agricultural,Baldwin,,,17.0,108.0,4895.0,-95.171401,38.782048,P17_Ag,,,,,,,,2018,"Developed, Open Space",Pasture/Hay,45.95875139,1.717661031,45.95875139,,,,,20045,7054.8,19566.8,5187.5,3421.4,40296.8,1713.4,1.2132852e-08,299.45386,286.4504,1047.7438,0.49105367
4899,97.1,2.87,14.3,0.00305,0.776,516070118.0,516.070118,Mulberry_Ag_198_M_So,Mulberry,198.0,Ag,M,So,4899.0,0.0158,61.2,4.601503759,0.00627,4.38,10910.0,1.091,66.7692,5.020240602,4.725973,1.534331,Agricultural,Mulberry,,,5.0,49.0,4899.0,-89.272475,38.755485,P5_Ag,,,,,,,,2018,"Developed, Open Space",Cultivated Crops,39.82300885,1.76620195,39.82300885,,,,,17005,6741.0,24958.5,8448.9,4030.5,60385.5,3878.4,3.4570604e-08,298.82028,286.79904,1015.1073,0.33375627
4902,97.0,2.97,14.3,0.00273,0.733,518483592.0,518.483592,Gascondale_Nat_166_M_So,Gascondale,166.0,Nat,M,So,4902.0,0.0106,20.3,1.5859375,0.00599,1.25,11435.0,1.1435,23.21305,1.813519531,1.601199,0.20714,Natural,Gascondale,,,9.0,47.0,4902.0,-91.55559699,38.66783702,P9_Nat,,,,,,,,2018,Barren Land,Deciduous Forest,22.9980604,1.839746041,22.9980604,,,,,29073,324.3,2936.2,183.5,4326.6,4947.6,596.0,2.4192978e-08,299.14294,286.57193,1032.7964,0.3882354
4907,97.1,2.88,13.1,0.00303,1.15,498345984.0,498.345984,Greenup_Ag_8_F_Co,Greenup,8.0,Ag,F,Co,4907.0,0.00545,8.13,0.5685314685,0.00358,0.126,21445.0,2.1445,17.434785,1.219215734,1.280997,0.22964,Agricultural,Greenup,,,4.0,32.0,4907.0,-88.139778,39.305104,P4_Ag,,,,,,,,2018,Cultivated Crops,Cultivated Crops,56.18442849,1.282806593,56.18442849,,,,,17035,9109.4,29150.7,11422.7,10059.2,58719.1,3004.6,3.3615564e-08,298.33832,286.11453,1032.1761,0.3376125
4909,97.5,2.49,15.4,0.00415,0.715,534903026.0,534.903026,Bradley_Ag_153_M_Co,Bradley,153.0,Ag,M,Co,4909.0,0.0113,66.0,4.615384615,0.00698,3.89,11156.0,1.1156,73.6296,5.148923077,4.70655,0.868137,Agricultural,Bradley,,,14.0,63.0,4909.0,-87.81988903,41.16467102,P14_Ag,,,,,,,,2018,Cultivated Crops,Cultivated Crops,69.40071803,0.983290477,69.40071803,,,,,17091,7599.6,67040.6,9814.2,9303.1,108801.1,7824.2,2.6512279e-08,296.63098,283.97635,1040.8037,0.32317045
4912,97.2,2.84,13.3,0.00312,0.853,534875554.0,534.875554,FoxRidge_Nat_75_F_Co,FoxRidge,75.0,Nat,F,Co,4912.0,0.0241,13.7,1.045801527,0.0049,1.62,11842.0,1.1842,16.22354,1.238438168,1.063568,0.187652,Natural,FoxRidge,,,4.0,93.0,4912.0,-88.163216,39.393248,P4_Nat,,,,,,,,2018,Woody Wetlands,Deciduous Forest,35.66105437,1.564507448,35.66105437,,,,,17029,15017.6,56152.7,17407.8,15476.6,100204.3,5063.0,3.3615564e-08,298.33832,286.11453,1032.1761,0.3376125
4917,97.1,2.92,11.3,0.00359,0.669,569330104.0,569.330104,Weston_Ag_136_M_Co,Weston,136.0,Ag,M,Co,4917.0,0.0266,12.8,0.8311688312,0.00351,0.505,11167.0,1.1167,14.29376,0.9281662338,1.081533,0.191499,Agricultural,Weston,,,1.0,48.0,4917.0,-83.79889,41.37218297,P1_Ag,,,,,,,,2018,"Developed, Medium Intensity",Cultivated Crops,82.48962656,0.6960728422,82.48962656,,,,,39173,20519.3,51872.6,3321.8,7535.9,120506.6,6009.6,2.747639e-08,296.08673,284.08786,990.5662,0.29595977
4919,96.9,3.1,13.5,0.00234,0.962,539437988.0,539.437988,Aurora_Nat_5_F_Wa,Aurora,5.0,Nat,F,Wa,4919.0,0.0183,15.0,1.127819549,0.00592,0.736,11294.0,1.1294,16.941,1.273759398,1.129918,0.29942,Natural,Aurora,,,3.0,68.0,4919.0,-84.89810603,39.05562996,P3_Nat,,,,,,,,2018,"Developed, Medium Intensity",Water,10.43046358,1.956058501,10.43046358,,,,,18029,2279.6,2392.4,277.7,1153.7,13143.0,1680.2,3.6089663e-08,297.56015,286.21942,961.5629,0.32453346
4921,97.7,2.28,11.7,0.00308,0.74,559559606.0,559.559606,Lawrence_Nat_133_F_So,Lawrence,133.0,Nat,F,So,4921.0,0.00241,37.2,3.292035398,0.00472,0.875,10851.0,1.0851,40.36572,3.572187611,3.133008,0.540681,Natural,Lawrence,,,17.0,43.0,4921.0,-95.241462,38.927036,P17_Nat,,,,,,,,2018,"Developed, Medium Intensity",Pasture/Hay,41.77392278,1.872383738,41.77392278,,,,,20045,7054.8,19566.8,5187.5,3421.4,40296.8,1713.4,1.2132852e-08,299.45386,286.4504,1047.7438,0.49105367
4925,97.2,2.83,13.2,0.00332,0.771,531198086.0,531.198086,Pontoon_Nat_79_F_Co,Pontoon,79.0,Nat,F,Co,4925.0,0.0201,52.1,3.859259259,0.00334,1.08,11209.0,1.1209,58.39889,4.325843704,4.134891,0.643108,Natural,Pontoon,,,6.0,42.0,4925.0,-90.068054,38.699066,P6_Nat,,,,,,,,2018,"Developed, Low Intensity",Cultivated Crops,42.34383637,1.522509971,42.34383637,,,,,17119,10957.8,47218.0,11931.3,5652.4,93448.2,5852.5,3.0459518e-08,298.86435,286.64774,1022.4627,0.36846083
4928,97.1,2.89,13.2,0.00188,0.711,537725275.0,537.725275,Mulberry_Ag_192_F_So,Mulberry,192.0,Ag,F,So,4928.0,0.00162,39.7,3.393162393,0.00288,0.729,11098.0,1.1098,44.05906,3.765731624,3.036152,0.441063,Agricultural,Mulberry,,,5.0,37.0,4928.0,-89.272475,38.755485,P5_Ag,,,,,,,,2018,"Developed, Open Space",Cultivated Crops,39.82300885,1.76620195,39.82300885,,,,,17005,6741.0,24958.5,8448.9,4030.5,60385.5,3878.4,3.4570604e-08,298.82028,286.79904,1015.1073,0.33375627
4933,97.3,2.67,15.3,0.00392,1.1,509127561.0,509.127561,Kansas_Nat_65_M_Wa,Kansas,65.0,Nat,M,Wa,4933.0,0.00114,58.5,4.431818182,0.00513,1.08,10922.0,1.0922,63.8937,4.840431818,4.07102,0.752271,Natural,Kansas,,,16.0,107.0,4933.0,-95.239938,39.001464,P16_Nat,,,,,,,,2018,Woody Wetlands,Cultivated Crops,39.82127897,1.933302765,39.82127897,,,,,20045,7054.8,19566.8,5187.5,3421.4,40296.8,1713.4,9.440709e-09,299.20645,285.90796,1073.8074,0.5576726
4935,97.1,2.95,14.9,0.00344,0.781,513599670.0,513.59967,Granite_Ag_114_M_Co,Granite,114.0,Ag,M,Co,4935.0,0.00591,15.1,1.143939394,0.00546,0.881,11546.0,1.1546,17.43446,1.320792424,1.130601,0.183349,Agricultural,Granite,,,6.0,36.0,4935.0,-90.065665,38.670222,P6_Ag,,,,,,,,2018,"Developed, Low Intensity",Cultivated Crops,56.39534884,1.530050444,56.39534884,,,,,17119,10957.8,47218.0,11931.3,5652.4,93448.2,5852.5,3.0459518e-08,298.86435,286.64774,1022.4627,0.36846083
4939,97.2,2.76,13.5,0.00291,0.905,514303532.0,514.303532,Gascondale_Nat_147_M_Co,Gascondale,147.0,Nat,M,Co,4939.0,1e-05,7.57,0.4947712418,0.00473,0.415,22239.0,2.2239,16.834923,1.100321765,1.135737,0.288715,Natural,Gascondale,,,9.0,150.0,4939.0,-91.55559699,38.66783702,P9_Nat,,,,,,,,2018,Barren Land,Deciduous Forest,22.9980604,1.839746041,22.9980604,,,,,29073,324.3,2936.2,183.5,4326.6,4947.6,596.0,2.4192978e-08,299.14294,286.57193,1032.7964,0.3882354
4944,96.8,3.2,13.3,0.00232,0.738,543468362.0,543.468362,Browning_Nat_89_F_Co,Browning,89.0,Nat,F,Co,4944.0,0.0264,12.3,0.8255033557,0.00415,0.866,12688.0,1.2688,15.60624,1.047398658,1.015878,0.193299,Natural,Browning,,,11.0,67.0,4944.0,-90.36914203,40.12487104,P11_Nat,,,,,,,,2018,Emergent Herbaceous Wetlands,Emergent Herbaceous Wetlands,10.8130531,1.803900162,10.8130531,,,,,17169,3751.2,33578.0,5021.8,2793.5,48683.3,1251.0,2.3356357e-08,298.07678,285.13168,1087.3728,0.37279233
4948,97.6,2.36,12.2,0.00324,0.915,525251964.0,525.251964,Hernan_Ag_18_M_Wa,Hernan,18.0,Ag,M,Wa,4948.0,0.00373,24.8,1.837037037,0.00667,1.64,11505.0,1.1505,28.5324,2.113511111,2.310154,0.349548,Agricultural,Hernan,,,9.0,46.0,4948.0,-91.51230698,38.63920603,P9_Ag,,,,,,,,2018,"Developed, Low Intensity",Deciduous Forest,37.58649322,1.626719696,37.58649322,,,,,29073,324.3,2936.2,183.5,4326.6,4947.6,596.0,2.4192978e-08,299.14294,286.57193,1032.7964,0.3882354
4955,97.0,2.98,13.8,0.00251,1.27,525678371.0,525.678371,Weston_Ag_2_F_Co,Weston,2.0,Ag,F,Co,4955.0,0.00071,8.8,0.6616541353,0.00421,1.43,25108.0,2.5108,22.09504,1.661281203,1.35627,0.530443,Agricultural,Weston,,,1.0,35.0,4955.0,-83.79889,41.37218297,P1_Ag,,,,,,,,2018,"Developed, Medium Intensity",Cultivated Crops,82.48962656,0.6960728422,82.48962656,,,,,39173,20519.3,51872.6,3321.8,7535.9,120506.6,6009.6,2.747639e-08,296.08673,284.08786,990.5662,0.29595977
4958,97.3,2.74,14.5,0.00431,0.672,535352000.0,535.352,Keysport_Nat_164_F_Co,Keysport,164.0,Nat,F,Co,4958.0,0.00336,25.6,2.098360656,0.00748,2.28,11756.0,1.1756,30.09536,2.466832787,2.043618,0.247654,Natural,Keysport,,,5.0,34.0,4958.0,-89.277403,38.732444,P5_Nat,,,,,,,,2018,Water,Water,23.25131324,1.734988754,23.25131324,,,,,17027,13529.3,65777.3,8703.3,16995.6,103356.1,2734.1,3.4570604e-08,298.82028,286.79904,1015.1073,0.33375627
4960,97.4,2.59,11.8,0.00325,0.82,560553643.0,560.553643,Knox_Nat_63_F_So,Knox,63.0,Nat,F,So,4960.0,0.0261,12.2,0.884057971,0.00735,0.0,11924.0,1.1924,14.54728,1.054150725,1.05928,0.337897,Natural,Knox,,,15.0,65.0,4960.0,-86.746256,41.31732501,P15_Nat,,,,,,,,2018,Woody Wetlands,Woody Wetlands,19.61325967,1.20115978,19.61325967,,,,,18149,2756.5,13171.5,7393.4,1462.6,47365.2,4466.7,3.228768e-08,296.8684,284.2088,1039.7712,0.35223144
4964,97.1,2.89,13.0,0.0031,0.867,520878712.0,520.878712,Aurora_Nat_39_M_Co,Aurora,39.0,Nat,M,Co,4964.0,0.0263,13.3,0.9172413793,0.00654,0.342,11704.0,1.1704,15.56632,1.07353931,1.054534,0.108793,Natural,Aurora,,,3.0,23.0,4964.0,-84.89810603,39.05562996,P3_Nat,,,,,,,,2018,"Developed, Medium Intensity",Water,10.43046358,1.956058501,10.43046358,,,,,18029,2279.6,2392.4,277.7,1153.7,13143.0,1680.2,3.6089663e-08,297.56015,286.21942,961.5629,0.32453346
4965,97.4,2.55,12.3,0.00259,0.773,556053340.0,556.05334,Allentown_Ag_92_F_Wa,Allentown,92.0,Ag,F,Wa,4965.0,0.00131,42.7,3.618644068,0.00489,1.18,11163.0,1.1163,47.66601,4.039492373,3.587612,0.853436,Agricultural,Allentown,,,12.0,31.0,4965.0,-89.48221204,40.55406597,P12_Ag,,,,,,,,2018,"Developed, Low Intensity",Cultivated Crops,92.28429204,0.330400266,92.28429204,,,,,17179,18770.4,66467.7,22680.2,5013.6,145886.1,4884.3,2.3438158e-08,297.05176,284.30453,1072.8025,0.42510763
4966,97.2,2.8,12.9,0.00224,0.846,545565616.0,545.565616,Greenup_Ag_178_F_So,Greenup,178.0,Ag,F,So,4966.0,0.000857,66.2,5.092307692,0.00344,1.31,10733.0,1.0733,71.05246,5.465573846,5.019284,2.349308,Agricultural,Greenup,,,4.0,29.0,4966.0,-88.139778,39.305104,P4_Ag,,,,,,,,2018,Cultivated Crops,Cultivated Crops,56.18442849,1.282806593,56.18442849,,,,,17035,9109.4,29150.7,11422.7,10059.2,58719.1,3004.6,3.3615564e-08,298.33832,286.11453,1032.1761,0.3376125
4968,97.4,2.6,14.5,0.00225,0.99,510363140.0,510.36314,Kansas_Nat_183_F_Co,Kansas,183.0,Nat,F,Co,4968.0,0.0244,16.4,1.333333333,0.00516,0.302,11143.0,1.1143,18.27452,1.485733333,1.18276,0.09582,Natural,Kansas,,,16.0,27.0,4968.0,-95.239938,39.001464,P16_Nat,,,,,,,,2018,Woody Wetlands,Cultivated Crops,39.82127897,1.933302765,39.82127897,,,,,20045,7054.8,19566.8,5187.5,3421.4,40296.8,1713.4,9.440709e-09,299.20645,285.90796,1073.8074,0.5576726
4977,96.9,3.06,13.4,0.00273,0.964,509377154.0,509.377154,Pontiac_Nat_151_F_Co,Pontiac,151.0,Nat,F,Co,4977.0,0.00134,63.6,4.930232558,0.00401,1.99,10789.0,1.0789,68.61804,5.319227907,5.153896,1.032816,Natural,Pontiac,,,13.0,179.0,4977.0,-88.62446599,40.87326997,P13_Nat,,,,,,,,2018,"Developed, Low Intensity","Developed, Low Intensity",22.20994475,1.482814351,22.20994475,,,,,17105,13684.8,112573.9,19155.7,18440.1,195493.8,14489.9,2.3720114e-08,297.04355,284.3794,1066.926,0.35993263
4979,97.1,2.91,15.3,0.00238,0.724,522436876.0,522.436876,FoxRidge_Nat_195_M_Co,FoxRidge,195.0,Nat,M,Co,4979.0,0.211,28.2,1.944827586,0.0113,1.66,5405.0,0.5405,15.2421,1.05117931,1.093478,0.170045,Natural,FoxRidge,,,4.0,55.0,4979.0,-88.163216,39.393248,P4_Nat,,,,,,,,2018,Woody Wetlands,Deciduous Forest,35.66105437,1.564507448,35.66105437,,,,,17029,15017.6,56152.7,17407.8,15476.6,100204.3,5063.0,3.3615564e-08,298.33832,286.11453,1032.1761,0.3376125
4981,97.5,2.47,14.7,0.00372,1.18,536685622.0,536.685622,Hernan_Ag_52_F_So,Hernan,52.0,Ag,F,So,4981.0,0.000831,46.2,3.447761194,0.0034,2.55,11571.0,1.1571,53.45802,3.989404478,3.295501,0.757473,Agricultural,Hernan,,,9.0,87.0,4981.0,-91.51230698,38.63920603,P9_Ag,,,,,,,,2018,"Developed, Low Intensity",Deciduous Forest,37.58649322,1.626719696,37.58649322,,,,,29073,324.3,2936.2,183.5,4326.6,4947.6,596.0,2.4192978e-08,299.14294,286.57193,1032.7964,0.3882354
4982,97.1,2.92,12.1,0.00323,0.81,534269314.0,534.269314,Prairie_Ag_30_M_Co,Prairie,30.0,Ag,M,Co,4982.0,0.0273,13.4,0.8758169935,0.00726,5.28e-06,10658.0,1.0658,14.28172,0.9334457516,1.134755,0.194258,Agricultural,Prairie,,,15.0,94.0,4982.0,-86.73699299,41.35604002,P15_Ag,,,,,,,,2018,"Developed, Low Intensity",Cultivated Crops,73.9430782,1.042447828,73.9430782,,,,,18091,5810.3,24744.9,15466.4,3062.3,94312.4,9192.4,3.228768e-08,296.8684,284.2088,1039.7712,0.35223144
4984,96.9,3.08,11.4,0.00217,0.621,542882189.0,542.882189,Keysport_Nat_77_M_Co,Keysport,77.0,Nat,M,Co,4984.0,0.00733,26.4,1.795918367,0.00701,2.54,11954.0,1.1954,31.55856,2.146840816,2.408986,0.568212,Natural,Keysport,,,5.0,142.0,4984.0,-89.277403,38.732444,P5_Nat,,,,,,,,2018,Water,Water,23.25131324,1.734988754,23.25131324,,,,,17027,13529.3,65777.3,8703.3,16995.6,103356.1,2734.1,3.4570604e-08,298.82028,286.79904,1015.1073,0.33375627
4989,97.1,2.94,13.8,0.00283,0.629,538564334.0,538.564334,Bradley_Ag_62_M_Co,Bradley,62.0,Ag,M,Co,4989.0,0.0019,44.6,3.685950413,0.0058,1.34,10992.0,1.0992,49.02432,4.051596694,3.399691,0.691865,Agricultural,Bradley,,,14.0,26.0,4989.0,-87.81988903,41.16467102,P14_Ag,,,,,,,,2018,Cultivated Crops,Cultivated Crops,69.40071803,0.983290477,69.40071803,,,,,17091,7599.6,67040.6,9814.2,9303.1,108801.1,7824.2,2.6512279e-08,296.63098,283.97635,1040.8037,0.32317045
5002,97.0,2.97,13.5,0.00303,0.77,527485987.0,527.485987,Blanchard_Nat_71_F_Co,Blanchard,71.0,Nat,F,Co,5002.0,0.0273,13.9,1.219298246,0.00873,0.18,11081.0,1.1081,15.40259,1.351104386,1.079867,0.823221,Natural,Blanchard,,,2.0,25.0,5002.0,-83.81345096,41.03727398,P2_Nat,,,,,,,,2018,"Developed, Open Space",Cultivated Crops,88.44665561,0.5509650899,88.44665561,,,,,39063,18613.7,48696.8,2929.9,6853.9,109614.5,5550.2,2.747639e-08,296.08673,284.08786,990.5662,0.29595977
5006,97.2,2.8,13.5,0.00482,0.807,559469508.0,559.469508,Kakanee_Nat_169_F_Wa,Kakanee,169.0,Nat,F,Wa,5006.0,0.0139,12.1,0.8768115942,0.00392,1.9,13312.0,1.3312,16.10752,1.167211594,0.975637,0.09502,Natural,Kakanee,,,14.0,81.0,5006.0,-87.89857297,41.15132703,P14_Nat,,,,,,,,2018,"Developed, Low Intensity","Developed, Low Intensity",5.109085888,1.724995542,5.109085888,,,,,17091,7599.6,67040.6,9814.2,9303.1,108801.1,7824.2,2.6512279e-08,296.63098,283.97635,1040.8037,0.32317045
5008,97.2,2.83,14.4,0.00295,0.959,515943017.0,515.943017,Mulberry_Ag_112_M_Co,Mulberry,112.0,Ag,M,Co,5008.0,0.0268,15.4,1.140740741,0.00502,0.806,11887.0,1.1887,18.30598,1.355998519,1.170983,0.2498,Agricultural,Mulberry,,,5.0,50.0,5008.0,-89.272475,38.755485,P5_Ag,,,,,,,,2018,"Developed, Open Space",Cultivated Crops,39.82300885,1.76620195,39.82300885,,,,,17005,6741.0,24958.5,8448.9,4030.5,60385.5,3878.4,3.4570604e-08,298.82028,286.79904,1015.1073,0.33375627
5015,97.3,2.72,13.2,0.00253,0.733,543032563.0,543.032563,Weston_Ag_176_M_So,Weston,176.0,Ag,M,So,5015.0,0.0287,12.3,0.9111111111,0.0053,0.155,13260.0,1.326,16.3098,1.208133333,1.053901,0.224116,Agricultural,Weston,,,1.0,24.0,5015.0,-83.79889,41.37218297,P1_Ag,,,,,,,,2018,"Developed, Medium Intensity",Cultivated Crops,82.48962656,0.6960728422,82.48962656,,,,,39173,20519.3,51872.6,3321.8,7535.9,120506.6,6009.6,2.747639e-08,296.08673,284.08786,990.5662,0.29595977
5018,97.1,2.89,14.6,0.00345,0.898,512539503.0,512.539503,Mccombe_Ag_106_M_Wa,Mccombe,106.0,Ag,M,Wa,5018.0,0.175,25.6,1.777777778,0.0152,1.92,5480.0,0.548,14.0288,0.9742222222,1.142587,0.29626,Agricultural,Mccombe,,,2.0,64.0,5018.0,-83.78943597,41.06360497,P2_Ag,,,,,,,,2018,"Developed, Low Intensity",Cultivated Crops,85.55617045,0.7680947532,85.55617045,,,,,39063,18613.7,48696.8,2929.9,6853.9,109614.5,5550.2,2.747639e-08,296.08673,284.08786,990.5662,0.29595977
5031,97.2,2.8,15.8,0.00381,0.984,525300024.0,525.300024,Greentree_Nat_115_M_Co,Greentree,115.0,Nat,M,Co,5031.0,0.0228,16.5,1.25,0.0053,0.214,12271.0,1.2271,20.24715,1.533875,1.454662,0.606623,Natural,Greentree,,,7.0,40.0,5031.0,-90.447501,38.558781,P7_Nat,,,,,,,,2018,"Developed, Low Intensity","Developed, Open Space",0.996126176,1.933408582,0.996126176,,,,,29189,223.2,750.5,92.7,2855.7,2162.1,324.4,3.0459518e-08,298.86435,286.64774,1022.4627,0.36846083
5032,97.6,2.43,13.6,0.00399,0.992,537194643.0,537.194643,Weston_Ag_188_F_Wa,Weston,188.0,Ag,F,Wa,5032.0,1e-05,7.43,0.5089041096,0.00319,1.42,45887.0,4.5887,34.094041,2.335208288,0.987727,0.189585,Agricultural,Weston,,,1.0,103.0,5032.0,-83.79889,41.37218297,P1_Ag,,,,,,,,2018,"Developed, Medium Intensity",Cultivated Crops,82.48962656,0.6960728422,82.48962656,,,,,39173,20519.3,51872.6,3321.8,7535.9,120506.6,6009.6,2.747639e-08,296.08673,284.08786,990.5662,0.29595977
5040,96.6,3.39,12.0,0.00267,0.677,527867565.0,527.867565,Maume_Nat_69_F_Wa,Maume,69.0,Nat,F,Wa,5040.0,0.0147,13.0,0.9558823529,0.00402,0.629,11695.0,1.1695,15.2035,1.117904412,1.138809,0.251363,Natural,Maume,,,1.0,19.0,5040.0,-83.66247503,41.55656599,P1_Nat,,,,,,,,2018,"Developed, Low Intensity","Developed, Low Intensity",4.182825485,2.059166944,4.182825485,,,,,39095,4022.6,12178.8,617.0,1442.2,23929.0,1283.7,2.7012604e-08,296.11554,283.69983,1012.9189,0.2776276
5053,97.4,2.62,14.6,0.00394,1.07,513250669.0,513.250669,Kansas_Nat_193_M_Co,Kansas,193.0,Nat,M,Co,5053.0,0.0254,15.0,1.25,0.00487,0.496,11732.0,1.1732,17.598,1.4665,1.173391,0.126317,Natural,Kansas,,,16.0,17.0,5053.0,-95.239938,39.001464,P16_Nat,,,,,,,,2018,Woody Wetlands,Cultivated Crops,39.82127897,1.933302765,39.82127897,,,,,20045,7054.8,19566.8,5187.5,3421.4,40296.8,1713.4,9.440709e-09,299.20645,285.90796,1073.8074,0.5576726
5061,97.7,2.34,11.6,0.00318,0.801,571934456.0,571.934456,Jackson_Ag_88_M_So,Jackson,88.0,Ag,M,So,5061.0,0.00106,27.1,1.856164384,0.00682,1.14,11843.0,1.1843,32.09453,2.198255479,2.564173,0.426226,Agricultural,Jackson,,,10.0,74.0,5061.0,-91.98047097,39.463458,P10_Ag,,,,,,,,2018,"Developed, Low Intensity",Pasture/Hay,67.40761323,1.309409922,67.40761323,,,,,29137,8358.8,24378.7,4740.3,21762.9,60580.1,10294.7,2.3983871e-08,298.90726,286.15054,1057.2158,0.35395035
5066,96.8,3.15,15.0,0.00334,0.91,496888450.0,496.88845,Maume_Nat_1_M_Co,Maume,1.0,Nat,M,Co,5066.0,0.0241,16.0,1.379310345,0.00659,0.633,11168.0,1.1168,17.8688,1.540413793,1.17442,0.267221,Natural,Maume,,,1.0,75.0,5066.0,-83.66247503,41.55656599,P1_Nat,,,,,,,,2018,"Developed, Low Intensity","Developed, Low Intensity",4.182825485,2.059166944,4.182825485,,,,,39095,4022.6,12178.8,617.0,1442.2,23929.0,1283.7,2.7012604e-08,296.11554,283.69983,1012.9189,0.2776276
5073,98.2,1.83,13.5,0.00241,0.646,549280898.0,549.280898,Nunemaker_Ag_66_F_Wa,Nunemaker,66.0,Ag,F,Wa,5073.0,0.00085,111.0,7.4,0.00234,1.4,10001.0,1.0001,111.0111,7.40074,7.886072,2.465625,Agricultural,Nunemaker,,,16.0,54.0,5073.0,-95.215847,38.988681,P16_Ag,,,,,,,,2018,Cultivated Crops,Cultivated Crops,47.75578478,1.710170229,47.75578478,,,,,20045,7054.8,19566.8,5187.5,3421.4,40296.8,1713.4,1.2132852e-08,299.45386,286.4504,1047.7438,0.49105367
5079,97.1,2.89,12.7,0.0027,0.88,550064143.0,550.064143,FoxRidge_Nat_7_M_Co,FoxRidge,7.0,Nat,M,Co,5079.0,0.0251,12.6,0.9333333333,0.00396,0.912,12298.0,1.2298,15.49548,1.147813333,1.072005,0.11379,Natural,FoxRidge,,,4.0,14.0,5079.0,-88.163216,39.393248,P4_Nat,,,,,,,,2018,Woody Wetlands,Deciduous Forest,35.66105437,1.564507448,35.66105437,,,,,17029,15017.6,56152.7,17407.8,15476.6,100204.3,5063.0,3.3615564e-08,298.33832,286.11453,1032.1761,0.3376125
5084,97.1,2.88,11.9,0.00249,0.528,552146115.0,552.146115,Chesterfield_Ag_48_F_So,Chesterfield,48.0,Ag,F,So,5084.0,0.122,18.1,1.42519685,0.0256,0.449,4877.0,0.4877,8.82737,0.6950685039,0.998311,0.171547,Agricultural,Chesterfield,,,7.0,97.0,5084.0,-90.63545798,38.66890403,P7_Ag,,,,,,,,2018,"Developed, Low Intensity","Developed, Medium Intensity",9.501385042,1.593606223,9.501385042,,,,,29189,223.2,750.5,92.7,2855.7,2162.1,324.4,2.632137e-08,298.78442,286.5387,1016.80695,0.39897746
5086,97.5,2.47,12.1,0.00255,0.814,549751087.0,549.751087,Weston_Ag_161_M_Wa,Weston,161.0,Ag,M,Wa,5086.0,0.2,17.4,1.462184874,0.00304,3.23,14494.0,1.4494,25.21956,2.119290756,1.072535,0.342988,Agricultural,Weston,,,1.0,113.0,5086.0,-83.79889,41.37218297,P1_Ag,,,,,,,,2018,"Developed, Medium Intensity",Cultivated Crops,82.48962656,0.6960728422,82.48962656,,,,,39173,20519.3,51872.6,3321.8,7535.9,120506.6,6009.6,2.747639e-08,296.08673,284.08786,990.5662,0.29595977
5089,97.3,2.67,12.2,0.00215,0.858,546247637.0,546.247637,WeldonSprings_Nat_83_F_Wa,WeldonSprings,83.0,Nat,F,Wa,5089.0,0.115,21.1,1.743801653,0.0109,1.39,5718.0,0.5718,12.06498,0.9971057851,1.024122,0.070054,Natural,WeldonSprings,,,8.0,136.0,5089.0,-90.73639403,38.65643696,P8_Nat,,,,,,,,2018,"Developed, Low Intensity",Cultivated Crops,32.41895262,1.606827745,32.41895262,,,,,29183,989.8,15110.8,530.1,19564.9,22434.9,2563.9,2.632137e-08,298.78442,286.5387,1016.80695,0.39897746
5097,96.9,3.14,16.1,0.00315,1.36,492267912.0,492.267912,Mulberry_Ag_10_F_Co,Mulberry,10.0,Ag,F,Co,5097.0,0.00235,50.6,4.147540984,0.00398,2.87,11057.0,1.1057,55.94842,4.585936066,3.228694,0.835911,Agricultural,Mulberry,,,5.0,115.0,5097.0,-89.272475,38.755485,P5_Ag,,,,,,,,2018,"Developed, Open Space",Cultivated Crops,39.82300885,1.76620195,39.82300885,,,,,17005,6741.0,24958.5,8448.9,4030.5,60385.5,3878.4,3.4570604e-08,298.82028,286.79904,1015.1073,0.33375627
5098,97.1,2.95,13.7,0.00241,0.663,559085623.0,559.085623,Bradley_Ag_128_F_Co,Bradley,128.0,Ag,F,Co,5098.0,0.0334,13.8,0.8571428571,0.00595,0.138,10458.0,1.0458,14.43204,0.8964,0.955782,0.078189,Agricultural,Bradley,,,14.0,116.0,5098.0,-87.81988903,41.16467102,P14_Ag,,,,,,,,2018,Cultivated Crops,Cultivated Crops,69.40071803,0.983290477,69.40071803,,,,,17091,7599.6,67040.6,9814.2,9303.1,108801.1,7824.2,2.6512279e-08,296.63098,283.97635,1040.8037,0.32317045
5099,97.1,2.87,14.0,0.00204,0.617,538435980.0,538.43598,Granite_Ag_46_M_Co,Granite,46.0,Ag,M,Co,5099.0,0.0104,19.4,1.416058394,0.00555,1.97,11654.0,1.1654,22.60876,1.650274453,1.555686,0.163267,Agricultural,Granite,,,6.0,118.0,5099.0,-90.065665,38.670222,P6_Ag,,,,,,,,2018,"Developed, Low Intensity",Cultivated Crops,56.39534884,1.530050444,56.39534884,,,,,17119,10957.8,47218.0,11931.3,5652.4,93448.2,5852.5,3.0459518e-08,298.86435,286.64774,1022.4627,0.36846083
5100,97.3,2.66,13.3,0.00191,0.699,547325246.0,547.325246,Lawrence_Nat_158_F_Co,Lawrence,158.0,Nat,F,Co,5100.0,0.0248,14.3,1.021428571,0.00328,0.544,11654.0,1.1654,16.66522,1.190372857,1.115176,0.212183,Natural,Lawrence,,,17.0,168.0,5100.0,-95.241462,38.927036,P17_Nat,,,,,,,,2018,"Developed, Medium Intensity",Pasture/Hay,41.77392278,1.872383738,41.77392278,,,,,20045,7054.8,19566.8,5187.5,3421.4,40296.8,1713.4,1.2132852e-08,299.45386,286.4504,1047.7438,0.49105367
5102,97.2,2.77,11.0,0.00212,0.6,551565718.0,551.565718,Nunemaker_Ag_172_F_Wa,Nunemaker,172.0,Ag,F,Wa,5102.0,0.00152,46.7,3.511278195,0.00515,1.53,11034.0,1.1034,51.52878,3.874344361,4.45214,1.272935,Agricultural,Nunemaker,,,16.0,119.0,5102.0,-95.215847,38.988681,P16_Ag,,,,,,,,2018,Cultivated Crops,Cultivated Crops,47.75578478,1.710170229,47.75578478,,,,,20045,7054.8,19566.8,5187.5,3421.4,40296.8,1713.4,1.2132852e-08,299.45386,286.4504,1047.7438,0.49105367
5105,98.1,1.92,12.4,0.00244,0.666,540974064.0,540.974064,Lawrence_Nat_33_M_Co,Lawrence,33.0,Nat,M,Co,5105.0,0.025,13.2,1.2,0.00645,0.693,10833.0,1.0833,14.29956,1.29996,1.075129,0.235507,Natural,Lawrence,,,17.0,122.0,5105.0,-95.241462,38.927036,P17_Nat,,,,,,,,2018,"Developed, Medium Intensity",Pasture/Hay,41.77392278,1.872383738,41.77392278,,,,,20045,7054.8,19566.8,5187.5,3421.4,40296.8,1713.4,1.2132852e-08,299.45386,286.4504,1047.7438,0.49105367
5110,97.1,2.92,12.3,0.00252,0.77,566943748.0,566.943748,Aurora_Nat_107_F_Co,Aurora,107.0,Nat,F,Co,5110.0,0.022,10.7,0.8629032258,0.00512,0.16,12991.0,1.2991,13.90037,1.120997581,0.931424,0.277739,Natural,Aurora,,,3.0,123.0,5110.0,-84.89810603,39.05562996,P3_Nat,,,,,,,,2018,"Developed, Medium Intensity",Water,10.43046358,1.956058501,10.43046358,,,,,18029,2279.6,2392.4,277.7,1153.7,13143.0,1680.2,3.6089663e-08,297.56015,286.21942,961.5629,0.32453346
5115,97.2,2.78,12.0,0.00311,0.701,559687113.0,559.687113,Aurora_Nat_73_M_Wa,Aurora,73.0,Nat,M,Wa,5115.0,0.0249,13.0,1.056910569,0.00684,0.198,11431.0,1.1431,14.8603,1.208154472,1.050158,0.299323,Natural,Aurora,,,3.0,130.0,5115.0,-84.89810603,39.05562996,P3_Nat,,,,,,,,2018,"Developed, Medium Intensity",Water,10.43046358,1.956058501,10.43046358,,,,,18029,2279.6,2392.4,277.7,1153.7,13143.0,1680.2,3.6089663e-08,297.56015,286.21942,961.5629,0.32453346
5116,97.4,2.65,12.1,0.00277,0.777,535046470.0,535.04647,Keysport_Nat_43_F_Co,Keysport,43.0,Nat,F,Co,5116.0,0.0356,14.0,1.166666667,0.00508,0.467,10908.0,1.0908,15.2712,1.2726,1.140712,0.212186,Natural,Keysport,,,5.0,148.0,5116.0,-89.277403,38.732444,P5_Nat,,,,,,,,2018,Water,Water,23.25131324,1.734988754,23.25131324,,,,,17027,13529.3,65777.3,8703.3,16995.6,103356.1,2734.1,3.4570604e-08,298.82028,286.79904,1015.1073,0.33375627
5117,97.2,2.85,17.0,0.00399,0.903,519134047.0,519.134047,Bradley_Ag_170_M_Co,Bradley,170.0,Ag,M,Co,5117.0,0.00257,51.1,4.223140496,0.00665,3.01,11145.0,1.1145,56.95095,4.706690083,3.358486,0.922193,Agricultural,Bradley,,,14.0,89.0,5117.0,-87.81988903,41.16467102,P14_Ag,,,,,,,,2018,Cultivated Crops,Cultivated Crops,69.40071803,0.983290477,69.40071803,,,,,17091,7599.6,67040.6,9814.2,9303.1,108801.1,7824.2,2.6512279e-08,296.63098,283.97635,1040.8037,0.32317045
5122,97.2,2.75,13.0,0.00208,0.846,573189722.0,573.189722,Mccombe_Ag_38_F_Co,Mccombe,38.0,Ag,F,Co,5122.0,0.0337,13.0,0.7647058824,0.00401,0.356,11450.0,1.145,14.885,0.8755882353,0.982509,0.080288,Agricultural,Mccombe,,,2.0,61.0,5122.0,-83.78943597,41.06360497,P2_Ag,,,,,,,,2018,"Developed, Low Intensity",Cultivated Crops,85.55617045,0.7680947532,85.55617045,,,,,39063,18613.7,48696.8,2929.9,6853.9,109614.5,5550.2,2.747639e-08,296.08673,284.08786,990.5662,0.29595977
5125,97.0,3.03,13.2,0.00324,0.95,551412699.0,551.412699,Kakanee_Nat_61_F_Wa,Kakanee,61.0,Nat,F,Wa,5125.0,1e-05,6.89,0.53,0.00474,1.15,25137.0,2.5137,17.319393,1.332261,0.954502,0.100025,Natural,Kakanee,,,14.0,124.0,5125.0,-87.89857297,41.15132703,P14_Nat,,,,,,,,2018,"Developed, Low Intensity","Developed, Low Intensity",5.109085888,1.724995542,5.109085888,,,,,17091,7599.6,67040.6,9814.2,9303.1,108801.1,7824.2,2.6512279e-08,296.63098,283.97635,1040.8037,0.32317045
5134,97.1,2.94,11.5,0.00168,0.639,579755001.0,579.755001,AgLaughrey_Ag_74_F_Co,AgLaughrey,74.0,Ag,F,Co,5134.0,0.000521,45.0,3.409090909,0.00301,1.36,11043.0,1.1043,49.6935,3.764659091,3.645526,0.57177,Agricultural,AgLaughrey,,,3.0,125.0,5134.0,-84.92674196,39.01893298,P3_Ag,,,,,,,,2018,"Developed, Low Intensity",Deciduous Forest,37.32374896,1.697355859,37.32374896,,,,,18029,2279.6,2392.4,277.7,1153.7,13143.0,1680.2,3.6089663e-08,297.56015,286.21942,961.5629,0.32453346
5136,97.0,3.04,11.6,0.00178,0.723,580527717.0,580.527717,AgLaughrey_Ag_40_F_Co,AgLaughrey,40.0,Ag,F,Co,5136.0,0.000763,45.6,3.965217391,0.0033,1.15,11455.0,1.1455,52.2348,4.542156522,3.695114,0.981644,Agricultural,AgLaughrey,,,3.0,99.0,5136.0,-84.92674196,39.01893298,P3_Ag,,,,,,,,2018,"Developed, Low Intensity",Deciduous Forest,37.32374896,1.697355859,37.32374896,,,,,18029,2279.6,2392.4,277.7,1153.7,13143.0,1680.2,3.6089663e-08,297.56015,286.21942,961.5629,0.32453346
5137,97.4,2.64,11.9,0.00318,0.779,543475412.0,543.475412,Pontiac_Nat_59_F_So,Pontiac,59.0,Nat,F,So,5137.0,0.0324,13.0,1.120689655,0.00802,0.541,10026.0,1.0026,13.0338,1.123603448,1.02347,0.189692,Natural,Pontiac,,,13.0,91.0,5137.0,-88.62446599,40.87326997,P13_Nat,,,,,,,,2018,"Developed, Low Intensity","Developed, Low Intensity",22.20994475,1.482814351,22.20994475,,,,,17105,13684.8,112573.9,19155.7,18440.1,195493.8,14489.9,2.3720114e-08,297.04355,284.3794,1066.926,0.35993263
5138,96.7,3.3,14.0,0.00265,1.02,535570564.0,535.570564,Maume_Nat_175_F_Co,Maume,175.0,Nat,F,Co,5138.0,0.0251,13.7,1.151260504,0.00509,1.51,11854.0,1.1854,16.23998,1.364704202,1.018971,0.137473,Natural,Maume,,,1.0,182.0,5138.0,-83.66247503,41.55656599,P1_Nat,,,,,,,,2018,"Developed, Low Intensity","Developed, Low Intensity",4.182825485,2.059166944,4.182825485,,,,,39095,4022.6,12178.8,617.0,1442.2,23929.0,1283.7,2.7012604e-08,296.11554,283.69983,1012.9189,0.2776276
5142,97.1,2.92,14.5,0.00393,0.877,539710252.0,539.710252,Prairie_Ag_98_F_So,Prairie,98.0,Ag,F,So,5142.0,0.0372,104.0,7.428571429,0.00855,4.15,10081.0,1.0081,104.8424,7.488742857,7.574038,2.30322,Agricultural,Prairie,,,15.0,126.0,5142.0,-86.73699299,41.35604002,P15_Ag,,,,,,,,2018,"Developed, Low Intensity",Cultivated Crops,73.9430782,1.042447828,73.9430782,,,,,18091,5810.3,24744.9,15466.4,3062.3,94312.4,9192.4,3.228768e-08,296.8684,284.2088,1039.7712,0.35223144
5144,90.4,9.56,19.8,0.0104,1.17,262611203.0,262.611203,AgLaughrey_Ag_108_M_Co,AgLaughrey,108.0,Ag,M,Co,5144.0,0.00154,25.8,1.779310345,0.00643,1.29,11347.0,1.1347,29.27526,2.018983448,2.425692,0.433556,Agricultural,AgLaughrey,,,3.0,127.0,5144.0,-84.92674196,39.01893298,P3_Ag,,,,,,,,2018,"Developed, Low Intensity",Deciduous Forest,37.32374896,1.697355859,37.32374896,,,,,18029,2279.6,2392.4,277.7,1153.7,13143.0,1680.2,3.6089663e-08,297.56015,286.21942,961.5629,0.32453346
5145,97.1,2.94,19.8,0.00276,0.739,518251370.0,518.25137,Hickory_Ag_22_F_Co,Hickory,22.0,Ag,F,Co,5145.0,0.00597,10.7,0.5404040404,0.00387,0.965,22078.0,2.2078,23.62346,1.19310404,1.07576,0.109755,Agricultural,Hickory,,,11.0,73.0,5145.0,-90.26269396,40.17519498,P11_Ag,,,,,,,,2018,"Developed, Low Intensity",Cultivated Crops,68.22585109,1.123717256,68.22585109,,,,,17169,3751.2,33578.0,5021.8,2793.5,48683.3,1251.0,2.3356357e-08,298.07678,285.13168,1087.3728,0.37279233
5147,97.4,2.6,11.8,0.00292,0.784,577916533.0,577.916533,Mulberry_Ag_142_F_Co,Mulberry,142.0,Ag,F,Co,5147.0,0.00146,35.9,1.813131313,0.00615,1.05,11480.0,1.148,41.2132,2.081474747,3.116942,0.827526,Agricultural,Mulberry,,,5.0,129.0,5147.0,-89.272475,38.755485,P5_Ag,,,,,,,,2018,"Developed, Open Space",Cultivated Crops,39.82300885,1.76620195,39.82300885,,,,,17005,6741.0,24958.5,8448.9,4030.5,60385.5,3878.4,3.4570604e-08,298.82028,286.79904,1015.1073,0.33375627
5150,97.2,2.77,14.9,0.00233,0.662,540468386.0,540.468386,Greenup_Ag_200_M_Wa,Greenup,200.0,Ag,M,Wa,5150.0,0.0236,13.5,1.144067797,0.0047,0.373,12076.0,1.2076,16.3026,1.381576271,1.000389,0.118504,Agricultural,Greenup,,,4.0,131.0,5150.0,-88.139778,39.305104,P4_Ag,,,,,,,,2018,Cultivated Crops,Cultivated Crops,56.18442849,1.282806593,56.18442849,,,,,17035,9109.4,29150.7,11422.7,10059.2,58719.1,3004.6,3.3615564e-08,298.33832,286.11453,1032.1761,0.3376125
5151,97.0,3.04,13.6,0.00213,0.801,543068419.0,543.068419,Keysport_Nat_9_F_Wa,Keysport,9.0,Nat,F,Wa,5151.0,0.0246,12.9,0.8657718121,0.00525,0.983,14361.0,1.4361,18.52569,1.243334899,1.137551,0.699117,Natural,Keysport,,,5.0,132.0,5151.0,-89.277403,38.732444,P5_Nat,,,,,,,,2018,Water,Water,23.25131324,1.734988754,23.25131324,,,,,17027,13529.3,65777.3,8703.3,16995.6,103356.1,2734.1,3.4570604e-08,298.82028,286.79904,1015.1073,0.33375627
5156,97.0,2.98,14.2,0.00267,0.665,551839569.0,551.839569,Kakanee_Nat_152_M_Co,Kakanee,152.0,Nat,M,Co,5156.0,0.057,15.5,1.139705882,0.00472,0.309,11968.0,1.1968,18.5504,1.364,1.115935,0.205184,Natural,Kakanee,,,14.0,84.0,5156.0,-87.89857297,41.15132703,P14_Nat,,,,,,,,2018,"Developed, Low Intensity","Developed, Low Intensity",5.109085888,1.724995542,5.109085888,,,,,17091,7599.6,67040.6,9814.2,9303.1,108801.1,7824.2,2.6512279e-08,296.63098,283.97635,1040.8037,0.32317045
5157,90.0,10.0,21.0,0.0125,0.99,241510763.0,241.510763,WeldonSprings_Nat_117_M_Co,WeldonSprings,117.0,Nat,M,Co,5157.0,0.0252,10.7,0.7535211268,0.00576,0.64,12373.0,1.2373,13.23911,0.9323316901,1.040081,0.256216,Natural,WeldonSprings,,,8.0,144.0,5157.0,-90.73639403,38.65643696,P8_Nat,,,,,,,,2018,"Developed, Low Intensity",Cultivated Crops,32.41895262,1.606827745,32.41895262,,,,,29183,989.8,15110.8,530.1,19564.9,22434.9,2563.9,2.632137e-08,298.78442,286.5387,1016.80695,0.39897746
5161,90.4,9.62,18.2,0.012,1.03,239357197.0,239.357197,Greentree_Nat_145_M_Co,Greentree,145.0,Nat,M,Co,5161.0,0.0196,10.5,0.5,0.00755,0.105,10445.0,1.0445,10.96725,0.52225,1.050682,0.220579,Natural,Greentree,,,7.0,162.0,5161.0,-90.447501,38.558781,P7_Nat,,,,,,,,2018,"Developed, Low Intensity","Developed, Open Space",0.996126176,1.933408582,0.996126176,,,,,29189,223.2,750.5,92.7,2855.7,2162.1,324.4,3.0459518e-08,298.86435,286.64774,1022.4627,0.36846083
5163,97.3,2.66,13.5,0.00267,0.861,549144994.0,549.144994,Lawrence_Nat_185_F_So,Lawrence,185.0,Nat,F,So,5163.0,0.000935,54.7,3.005494505,0.00622,0.832,10906.0,1.0906,59.65582,3.277792308,4.063073,0.639109,Natural,Lawrence,,,17.0,135.0,5163.0,-95.241462,38.927036,P17_Nat,,,,,,,,2018,"Developed, Medium Intensity",Pasture/Hay,41.77392278,1.872383738,41.77392278,,,,,20045,7054.8,19566.8,5187.5,3421.4,40296.8,1713.4,1.2132852e-08,299.45386,286.4504,1047.7438,0.49105367
5165,96.8,3.15,11.7,0.00166,0.663,568801169.0,568.801169,Mulberry_Ag_44_M_So,Mulberry,44.0,Ag,M,So,5165.0,0.0085,56.2,4.162962963,0.0041,0.912,10685.0,1.0685,60.0497,4.448125926,4.552724,1.017472,Agricultural,Mulberry,,,5.0,137.0,5165.0,-89.272475,38.755485,P5_Ag,,,,,,,,2018,"Developed, Open Space",Cultivated Crops,39.82300885,1.76620195,39.82300885,,,,,17005,6741.0,24958.5,8448.9,4030.5,60385.5,3878.4,3.4570604e-08,298.82028,286.79904,1015.1073,0.33375627
5169,97.3,2.7,15.0,0.00177,0.862,549593644.0,549.593644,Maume_Nat_135_M_Wa,Maume,135.0,Nat,M,Wa,5169.0,0.00181,41.7,3.564102564,0.00667,1.96,11054.0,1.1054,46.09518,3.939758974,2.944147,0.611071,Natural,Maume,,,1.0,186.0,5169.0,-83.66247503,41.55656599,P1_Nat,,,,,,,,2018,"Developed, Low Intensity","Developed, Low Intensity",4.182825485,2.059166944,4.182825485,,,,,39095,4022.6,12178.8,617.0,1442.2,23929.0,1283.7,2.7012604e-08,296.11554,283.69983,1012.9189,0.2776276
5170,97.4,2.62,12.7,0.00268,0.844,534982711.0,534.982711,WSCSoy2_Ag_118_F_So,WSCSoy2,118.0,Ag,F,So,5170.0,0.0277,13.0,0.8666666667,0.00468,0.248,11652.0,1.1652,15.1476,1.00984,1.02848,0.090901,Agricultural,WSCSoy2,,,8.0,177.0,5170.0,-90.7440433,38.6589929,P8_Ag,,,,,,,,2018,"Developed, Low Intensity",Cultivated Crops,40.76327434,1.619972313,40.76327434,,,,,29183,989.8,15110.8,530.1,19564.9,22434.9,2563.9,2.632137e-08,298.78442,286.5387,1016.80695,0.39897746
5171,97.6,2.41,12.3,0.00273,0.794,529004467.0,529.004467,Kansas_Nat_99_M_Co,Kansas,99.0,Nat,M,Co,5171.0,0.0108,19.5,1.535433071,0.00487,1.51,10935.0,1.0935,21.32325,1.678996063,1.493698,0.172289,Natural,Kansas,,,16.0,82.0,5171.0,-95.239938,39.001464,P16_Nat,,,,,,,,2018,Woody Wetlands,Cultivated Crops,39.82127897,1.933302765,39.82127897,,,,,20045,7054.8,19566.8,5187.5,3421.4,40296.8,1713.4,9.440709e-09,299.20645,285.90796,1073.8074,0.5576726
5176,97.3,2.68,11.8,0.00219,0.571,552899347.0,552.899347,Chesterfield_Ag_82_M_Co,Chesterfield,82.0,Ag,M,Co,5176.0,0.0224,12.1,0.9837398374,0.00497,0.358,11341.0,1.1341,13.72261,1.11565935,1.066766,0.260602,Agricultural,Chesterfield,,,7.0,140.0,5176.0,-90.63545798,38.66890403,P7_Ag,,,,,,,,2018,"Developed, Low Intensity","Developed, Medium Intensity",9.501385042,1.593606223,9.501385042,,,,,29189,223.2,750.5,92.7,2855.7,2162.1,324.4,2.632137e-08,298.78442,286.5387,1016.80695,0.39897746
5183,97.2,2.84,12.1,0.00284,0.888,540985363.0,540.985363,Knox_Nat_29_F_Co,Knox,29.0,Nat,F,Co,5183.0,0.0145,14.5,1.228813559,0.00602,1.48,12325.0,1.2325,17.87125,1.514512712,1.242624,0.356323,Natural,Knox,,,15.0,141.0,5183.0,-86.746256,41.31732501,P15_Nat,,,,,,,,2018,Woody Wetlands,Woody Wetlands,19.61325967,1.20115978,19.61325967,,,,,18149,2756.5,13171.5,7393.4,1462.6,47365.2,4466.7,3.228768e-08,296.8684,284.2088,1039.7712,0.35223144
5189,96.8,3.24,14.0,0.0037,0.95,494482592.0,494.482592,Kakanee_Nat_127_M_Co,Kakanee,127.0,Nat,M,Co,5189.0,0.0228,15.4,1.272727273,0.00397,0.668,11932.0,1.1932,18.37528,1.518618182,1.290373,0.296038,Natural,Kakanee,,,14.0,185.0,5189.0,-87.89857297,41.15132703,P14_Nat,,,,,,,,2018,"Developed, Low Intensity","Developed, Low Intensity",5.109085888,1.724995542,5.109085888,,,,,17091,7599.6,67040.6,9814.2,9303.1,108801.1,7824.2,2.6512279e-08,296.63098,283.97635,1040.8037,0.32317045
5197,97.3,2.68,12.0,0.00209,0.743,566948585.0,566.948585,Granite_Ag_144_F_Co,Granite,144.0,Ag,F,Co,5197.0,0.0145,17.8,1.271428571,0.0052,0.483,11427.0,1.1427,20.34006,1.452861429,1.48197,0.264605,Agricultural,Granite,,,6.0,28.0,5197.0,-90.065665,38.670222,P6_Ag,,,,,,,,2018,"Developed, Low Intensity",Cultivated Crops,56.39534884,1.530050444,56.39534884,,,,,17119,10957.8,47218.0,11931.3,5652.4,93448.2,5852.5,3.0459518e-08,298.86435,286.64774,1022.4627,0.36846083
5202,97.2,2.77,16.6,0.00326,0.849,517077221.0,517.077221,FoxRidge_Nat_109_F_Co,FoxRidge,109.0,Nat,F,Co,5202.0,0.0153,17.1,1.425,0.00375,0.223,11845.0,1.1845,20.25495,1.6879125,1.148874,0.160143,Natural,FoxRidge,,,4.0,139.0,5202.0,-88.163216,39.393248,P4_Nat,,,,,,,,2018,Woody Wetlands,Deciduous Forest,35.66105437,1.564507448,35.66105437,,,,,17029,15017.6,56152.7,17407.8,15476.6,100204.3,5063.0,3.3615564e-08,298.33832,286.11453,1032.1761,0.3376125
5203,97.4,2.59,13.1,0.00215,0.565,540534263.0,540.534263,Baldwin_Ag_68_M_Co,Baldwin,68.0,Ag,M,Co,5203.0,0.000109,105.0,6.325301205,0.00253,1.69,10265.0,1.0265,107.7825,6.492921687,8.300403,2.766685,Agricultural,Baldwin,,,17.0,143.0,5203.0,-95.171401,38.782048,P17_Ag,,,,,,,,2018,"Developed, Open Space",Pasture/Hay,45.95875139,1.717661031,45.95875139,,,,,20045,7054.8,19566.8,5187.5,3421.4,40296.8,1713.4,1.2132852e-08,299.45386,286.4504,1047.7438,0.49105367
5204,97.5,2.49,12.2,0.00271,0.809,547903891.0,547.903891,Lawrence_Nat_67_F_So,Lawrence,67.0,Nat,F,So,5204.0,0.00202,30.6,2.335877863,0.00607,1.42,10991.0,1.0991,33.63246,2.567363359,2.563452,0.42963,Natural,Lawrence,,,17.0,147.0,5204.0,-95.241462,38.927036,P17_Nat,,,,,,,,2018,"Developed, Medium Intensity",Pasture/Hay,41.77392278,1.872383738,41.77392278,,,,,20045,7054.8,19566.8,5187.5,3421.4,40296.8,1713.4,1.2132852e-08,299.45386,286.4504,1047.7438,0.49105367
5205,97.3,2.69,12.8,0.00193,0.668,550217703.0,550.217703,MarkTwain_Nat_87_M_Wa,MarkTwain,87.0,Nat,M,Wa,5205.0,0.147,23.4,1.918032787,0.0115,1.13,5484.0,0.5484,12.83256,1.05184918,1.039339,0.178191,Natural,MarkTwain,,,10.0,62.0,5205.0,-91.68243396,39.46407096,P10_Nat,,,,,,,,2018,Barren Land,Deciduous Forest,33.64797335,1.603964952,33.64797335,,,,,29173,6181.3,21133.4,3478.9,16007.1,46770.7,8687.6,2.3983871e-08,298.90726,286.15054,1057.2158,0.35395035
5206,97.3,2.71,13.0,0.00288,0.775,528749847.0,528.749847,FoxRidge_Nat_189_F_Co,FoxRidge,189.0,Nat,F,Co,5206.0,0.00617,13.1,1.0234375,0.00369,1.98,14261.0,1.4261,18.68191,1.459524219,1.133237,0.32685,Natural,FoxRidge,,,4.0,149.0,5206.0,-88.163216,39.393248,P4_Nat,,,,,,,,2018,Woody Wetlands,Deciduous Forest,35.66105437,1.564507448,35.66105437,,,,,17029,15017.6,56152.7,17407.8,15476.6,100204.3,5063.0,3.3615564e-08,298.33832,286.11453,1032.1761,0.3376125
5208,96.8,3.2,13.6,0.00196,0.621,570882695.0,570.882695,Browning_Nat_21_F_Co,Browning,21.0,Nat,F,Co,5208.0,0.0239,13.9,1.069230769,0.00566,0.281,11930.0,1.193,16.5827,1.275592308,1.068036,0.310668,Natural,Browning,,,11.0,151.0,5208.0,-90.36914203,40.12487104,P11_Nat,,,,,,,,2018,Emergent Herbaceous Wetlands,Emergent Herbaceous Wetlands,10.8130531,1.803900162,10.8130531,,,,,17169,3751.2,33578.0,5021.8,2793.5,48683.3,1251.0,2.3356357e-08,298.07678,285.13168,1087.3728,0.37279233
5209,97.0,3.04,11.6,0.00183,0.555,571681182.0,571.681182,Pontoon_Nat_143_F_Co,Pontoon,143.0,Nat,F,Co,5209.0,0.00127,82.5,6.066176471,0.00835,3.38,11238.0,1.1238,92.7135,6.817169118,7.344317,3.544975,Natural,Pontoon,,,6.0,152.0,5209.0,-90.068054,38.699066,P6_Nat,,,,,,,,2018,"Developed, Low Intensity",Cultivated Crops,42.34383637,1.522509971,42.34383637,,,,,17119,10957.8,47218.0,11931.3,5652.4,93448.2,5852.5,3.0459518e-08,298.86435,286.64774,1022.4627,0.36846083
5213,96.8,3.17,17.0,0.00293,0.809,511970280.0,511.97028,Pekin_Nat_168_M_Co,Pekin,168.0,Nat,M,Co,5213.0,0.0225,17.4,1.5,0.00393,0.376,11995.0,1.1995,20.8713,1.79925,1.153911,0.194544,Natural,Pekin,,,12.0,154.0,5213.0,-89.65567603,40.57469501,P12_Nat,,,,,,,,2018,"Developed, Medium Intensity",Cultivated Crops,29.4329184,1.881461538,29.4329184,,,,,17179,18770.4,66467.7,22680.2,5013.6,145886.1,4884.3,2.34655e-08,297.3527,284.3939,1084.3057,0.47166124
5216,97.0,2.99,14.7,0.00306,0.987,519425910.0,519.42591,Mccombe_Ag_138_M_Wa,Mccombe,138.0,Ag,M,Wa,5216.0,0.00309,16.4,0.9647058824,0.00569,0.77,11971.0,1.1971,19.63244,1.154849412,1.203422,0.511548,Agricultural,Mccombe,,,2.0,120.0,5216.0,-83.78943597,41.06360497,P2_Ag,,,,,,,,2018,"Developed, Low Intensity",Cultivated Crops,85.55617045,0.7680947532,85.55617045,,,,,39063,18613.7,48696.8,2929.9,6853.9,109614.5,5550.2,2.747639e-08,296.08673,284.08786,990.5662,0.29595977
5219,97.0,2.95,15.9,0.0029,0.687,518099772.0,518.099772,Blanchard_Nat_3_M_Wa,Blanchard,3.0,Nat,M,Wa,5219.0,0.00752,8.26,0.5619047619,0.00464,0.776,24460.0,2.446,20.20396,1.374419048,1.132103,0.226376,Natural,Blanchard,,,2.0,86.0,5219.0,-83.81345096,41.03727398,P2_Nat,,,,,,,,2018,"Developed, Open Space",Cultivated Crops,88.44665561,0.5509650899,88.44665561,,,,,39063,18613.7,48696.8,2929.9,6853.9,109614.5,5550.2,2.747639e-08,296.08673,284.08786,990.5662,0.29595977
5220,97.3,2.69,12.2,0.00221,0.833,565456532.0,565.456532,WeldonSprings_Nat_49_M_So,WeldonSprings,49.0,Nat,M,So,5220.0,0.201,21.9,1.377358491,0.00948,1.82,6696.0,0.6696,14.66424,0.9222792453,1.030406,0.279434,Natural,WeldonSprings,,,8.0,156.0,5220.0,-90.73639403,38.65643696,P8_Nat,,,,,,,,2018,"Developed, Low Intensity",Cultivated Crops,32.41895262,1.606827745,32.41895262,,,,,29183,989.8,15110.8,530.1,19564.9,22434.9,2563.9,2.632137e-08,298.78442,286.5387,1016.80695,0.39897746
5221,97.0,2.98,12.2,0.00277,0.929,556893969.0,556.893969,Knox_Nat_154_M_So,Knox,154.0,Nat,M,So,5221.0,0.00579,7.25,0.5942622951,0.00381,0.193,23831.0,2.3831,17.277475,1.416186475,1.168781,0.611269,Natural,Knox,,,15.0,114.0,5221.0,-86.746256,41.31732501,P15_Nat,,,,,,,,2018,Woody Wetlands,Woody Wetlands,19.61325967,1.20115978,19.61325967,,,,,18149,2756.5,13171.5,7393.4,1462.6,47365.2,4466.7,3.228768e-08,296.8684,284.2088,1039.7712,0.35223144
5222,97.1,2.88,14.9,0.0045,0.797,514659776.0,514.659776,Bradley_Ag_96_M_Co,Bradley,96.0,Ag,M,Co,5222.0,0.0266,16.1,1.319672131,0.00587,0.25,10876.0,1.0876,17.51036,1.43527541,1.174011,0.098013,Agricultural,Bradley,,,14.0,157.0,5222.0,-87.81988903,41.16467102,P14_Ag,,,,,,,,2018,Cultivated Crops,Cultivated Crops,69.40071803,0.983290477,69.40071803,,,,,17091,7599.6,67040.6,9814.2,9303.1,108801.1,7824.2,2.6512279e-08,296.63098,283.97635,1040.8037,0.32317045
5223,97.3,2.65,11.7,0.00278,0.927,537675652.0,537.675652,Keysport_Nat_179_F_Wa,Keysport,179.0,Nat,F,Wa,5223.0,0.00639,21.3,1.429530201,0.00779,1.56,11569.0,1.1569,24.64197,1.65382349,2.124318,0.319289,Natural,Keysport,,,5.0,18.0,5223.0,-89.277403,38.732444,P5_Nat,,,,,,,,2018,Water,Water,23.25131324,1.734988754,23.25131324,,,,,17027,13529.3,65777.3,8703.3,16995.6,103356.1,2734.1,3.4570604e-08,298.82028,286.79904,1015.1073,0.33375627
5225,97.5,2.48,12.0,0.00206,0.618,551749948.0,551.749948,Nunemaker_Ag_194_M_Co,Nunemaker,194.0,Ag,M,Co,5225.0,0.0015,51.7,4.418803419,0.00472,0.997,10820.0,1.082,55.9394,4.781145299,4.391334,0.795815,Agricultural,Nunemaker,,,16.0,112.0,5225.0,-95.215847,38.988681,P16_Ag,,,,,,,,2018,Cultivated Crops,Cultivated Crops,47.75578478,1.710170229,47.75578478,,,,,20045,7054.8,19566.8,5187.5,3421.4,40296.8,1713.4,1.2132852e-08,299.45386,286.4504,1047.7438,0.49105367
5227,97.5,2.54,13.0,0.00253,0.807,542150741.0,542.150741,Chesterfield_Ag_14_F_Wa,Chesterfield,14.0,Ag,F,Wa,5227.0,0.00635,13.5,1.125,0.00403,0.501,10984.0,1.0984,14.8284,1.2357,1.022787,0.103811,Agricultural,Chesterfield,,,7.0,159.0,5227.0,-90.63545798,38.66890403,P7_Ag,,,,,,,,2018,"Developed, Low Intensity","Developed, Medium Intensity",9.501385042,1.593606223,9.501385042,,,,,29189,223.2,750.5,92.7,2855.7,2162.1,324.4,2.632137e-08,298.78442,286.5387,1016.80695,0.39897746
5233,97.5,2.54,13.0,0.00236,0.801,548881820.0,548.88182,Hickory_Ag_122_F_Wa,Hickory,122.0,Ag,F,Wa,5233.0,0.00423,29.9,2.3,0.0095,1.77,11510.0,1.151,34.4149,2.6473,2.616637,0.853029,Agricultural,Hickory,,,11.0,88.0,5233.0,-90.26269396,40.17519498,P11_Ag,,,,,,,,2018,"Developed, Low Intensity",Cultivated Crops,68.22585109,1.123717256,68.22585109,,,,,17169,3751.2,33578.0,5021.8,2793.5,48683.3,1251.0,2.3356357e-08,298.07678,285.13168,1087.3728,0.37279233
5234,97.4,2.61,13.1,0.00253,0.624,538210723.0,538.210723,WSCSoy2_Ag_50_M_Wa,WSCSoy2,50.0,Ag,M,Wa,5234.0,0.0218,13.8,1.061538462,0.00569,0.36,11441.0,1.1441,15.78858,1.214506154,1.096516,0.288624,Agricultural,WSCSoy2,,,8.0,30.0,5234.0,-90.7440433,38.6589929,P8_Ag,,,,,,,,2018,"Developed, Low Intensity",Cultivated Crops,40.76327434,1.619972313,40.76327434,,,,,29183,989.8,15110.8,530.1,19564.9,22434.9,2563.9,2.632137e-08,298.78442,286.5387,1016.80695,0.39897746
5238,97.4,2.56,12.6,0.0029,0.937,521327077.0,521.327077,Nunemaker_Ag_184_M_Co,Nunemaker,184.0,Ag,M,Co,5238.0,0.0117,19.3,1.473282443,0.00549,1.51,11514.0,1.1514,22.22202,1.696337405,1.708867,0.170021,Agricultural,Nunemaker,,,16.0,134.0,5238.0,-95.215847,38.988681,P16_Ag,,,,,,,,2018,Cultivated Crops,Cultivated Crops,47.75578478,1.710170229,47.75578478,,,,,20045,7054.8,19566.8,5187.5,3421.4,40296.8,1713.4,1.2132852e-08,299.45386,286.4504,1047.7438,0.49105367
5239,97.0,2.96,15.8,0.00292,0.84,520467633.0,520.467633,Mulberry_Ag_165_F_Co,Mulberry,165.0,Ag,F,Co,5239.0,0.0132,66.3,5.261904762,0.00626,5.3,11312.0,1.1312,74.99856,5.952266667,4.607203,0.815994,Agricultural,Mulberry,,,5.0,161.0,5239.0,-89.272475,38.755485,P5_Ag,,,,,,,,2018,"Developed, Open Space",Cultivated Crops,39.82300885,1.76620195,39.82300885,,,,,17005,6741.0,24958.5,8448.9,4030.5,60385.5,3878.4,3.4570604e-08,298.82028,286.79904,1015.1073,0.33375627
5242,97.2,2.84,13.0,0.00261,0.731,532140988.0,532.140988,Mulberry_Ag_78_F_So,Mulberry,78.0,Ag,F,So,5242.0,0.453,25.3,1.601265823,0.0131,1.18,5278.0,0.5278,13.35334,0.8451481013,1.105622,0.203483,Agricultural,Mulberry,,,5.0,104.0,5242.0,-89.272475,38.755485,P5_Ag,,,,,,,,2018,"Developed, Open Space",Cultivated Crops,39.82300885,1.76620195,39.82300885,,,,,17005,6741.0,24958.5,8448.9,4030.5,60385.5,3878.4,3.4570604e-08,298.82028,286.79904,1015.1073,0.33375627
5244,96.9,3.06,14.4,0.00274,0.673,534214539.0,534.214539,Nunemaker_Ag_132_F_So,Nunemaker,132.0,Ag,F,So,5244.0,0.0186,37.2,2.861538462,0.00498,1.87,11221.0,1.1221,41.74212,3.210932308,2.672092,0.438378,Agricultural,Nunemaker,,,16.0,173.0,5244.0,-95.215847,38.988681,P16_Ag,,,,,,,,2018,Cultivated Crops,Cultivated Crops,47.75578478,1.710170229,47.75578478,,,,,20045,7054.8,19566.8,5187.5,3421.4,40296.8,1713.4,1.2132852e-08,299.45386,286.4504,1047.7438,0.49105367
5247,96.9,3.12,13.8,0.00278,0.809,533591101.0,533.591101,Prairie_Ag_155_F_Wa,Prairie,155.0,Ag,F,Wa,5247.0,0.0174,34.9,2.423611111,0.00436,2.49,11626.0,1.1626,40.57474,2.817690278,2.67012,0.521067,Agricultural,Prairie,,,15.0,169.0,5247.0,-86.73699299,41.35604002,P15_Ag,,,,,,,,2018,"Developed, Low Intensity",Cultivated Crops,73.9430782,1.042447828,73.9430782,,,,,18091,5810.3,24744.9,15466.4,3062.3,94312.4,9192.4,3.228768e-08,296.8684,284.2088,1039.7712,0.35223144
5249,97.5,2.48,11.6,0.00266,1.02,542877079.0,542.877079,Chesterfield_Ag_116_M_Co,Chesterfield,116.0,Ag,M,Co,5249.0,0.000797,39.1,2.833333333,0.00434,2.84,10826.0,1.0826,42.32966,3.067366667,3.407712,0.69218,Agricultural,Chesterfield,,,7.0,158.0,5249.0,-90.63545798,38.66890403,P7_Ag,,,,,,,,2018,"Developed, Low Intensity","Developed, Medium Intensity",9.501385042,1.593606223,9.501385042,,,,,29189,223.2,750.5,92.7,2855.7,2162.1,324.4,2.632137e-08,298.78442,286.5387,1016.80695,0.39897746
5258,97.1,2.9,14.1,0.00282,0.689,531800500.0,531.8005,Granite_Ag_80_F_Co,Granite,80.0,Ag,F,Co,5258.0,0.0136,41.6,3.586206897,0.00433,3.97,11659.0,1.1659,48.50144,4.181158621,3.179662,0.599457,Agricultural,Granite,,,6.0,59.0,5258.0,-90.065665,38.670222,P6_Ag,,,,,,,,2018,"Developed, Low Intensity",Cultivated Crops,56.39534884,1.530050444,56.39534884,,,,,17119,10957.8,47218.0,11931.3,5652.4,93448.2,5852.5,3.0459518e-08,298.86435,286.64774,1022.4627,0.36846083
5261,97.1,2.9,11.0,0.0025,0.679,503901997.0,503.901997,Greenup_Ag_163_M_Wa,Greenup,163.0,Ag,M,Wa,5261.0,0.0254,12.2,0.865248227,0.00514,0.274,10850.0,1.085,13.237,0.9387943262,1.223277,0.214245,Agricultural,Greenup,,,4.0,165.0,5261.0,-88.139778,39.305104,P4_Ag,,,,,,,,2018,Cultivated Crops,Cultivated Crops,56.18442849,1.282806593,56.18442849,,,,,17035,9109.4,29150.7,11422.7,10059.2,58719.1,3004.6,3.3615564e-08,298.33832,286.11453,1032.1761,0.3376125
5262,97.5,2.49,12.4,0.00278,1.02,505064603.0,505.064603,HWY66_Ag_126_M_Wa,HWY66,126.0,Ag,M,Wa,5262.0,1e-05,12.5,1.136363636,0.00457,0.829,12694.0,1.2694,15.8675,1.4425,1.189271,0.266777,Agricultural,HWY66,,,13.0,52.0,5262.0,-88.66930699,40.82949003,P13_Ag,,,,,,,,2018,"Developed, Low Intensity",Cultivated Crops,88.32136941,0.4664604114,88.32136941,,,,,17105,13684.8,112573.9,19155.7,18440.1,195493.8,14489.9,2.3720114e-08,297.04355,284.3794,1066.926,0.35993263
5264,97.2,2.77,13.0,0.00213,0.737,545535279.0,545.535279,Baldwin_Ag_174_M_Co,Baldwin,174.0,Ag,M,Co,5264.0,0.0227,12.9,1.040322581,0.00439,0.821,13262.0,1.3262,17.10798,1.379675806,1.155394,0.677837,Agricultural,Baldwin,,,17.0,72.0,5264.0,-95.171401,38.782048,P17_Ag,,,,,,,,2018,"Developed, Open Space",Pasture/Hay,45.95875139,1.717661031,45.95875139,,,,,20045,7054.8,19566.8,5187.5,3421.4,40296.8,1713.4,1.2132852e-08,299.45386,286.4504,1047.7438,0.49105367
5268,97.3,2.75,13.7,0.00177,0.797,558050143.0,558.050143,Prairie_Ag_130_M_Wa,Prairie,130.0,Ag,M,Wa,5268.0,0.000982,56.8,4.369230769,0.00491,1.39,10800.0,1.08,61.344,4.718769231,4.138605,0.683631,Agricultural,Prairie,,,15.0,166.0,5268.0,-86.73699299,41.35604002,P15_Ag,,,,,,,,2018,"Developed, Low Intensity",Cultivated Crops,73.9430782,1.042447828,73.9430782,,,,,18091,5810.3,24744.9,15466.4,3062.3,94312.4,9192.4,3.228768e-08,296.8684,284.2088,1039.7712,0.35223144
5270,97.3,2.73,13.6,0.00224,0.783,529470809.0,529.470809,WSCSoy2_Ag_16_M_Co,WSCSoy2,16.0,Ag,M,Co,5270.0,0.00375,25.3,1.846715328,0.00732,1.45,11702.0,1.1702,29.60606,2.161026277,2.135131,0.218908,Agricultural,WSCSoy2,,,8.0,167.0,5270.0,-90.7440433,38.6589929,P8_Ag,,,,,,,,2018,"Developed, Low Intensity",Cultivated Crops,40.76327434,1.619972313,40.76327434,,,,,29183,989.8,15110.8,530.1,19564.9,22434.9,2563.9,2.632137e-08,298.78442,286.5387,1016.80695,0.39897746
5271,97.2,2.76,12.9,0.00293,0.63,531932232.0,531.932232,Nunemaker_Ag_32_F_Wa,Nunemaker,32.0,Ag,F,Wa,5271.0,0.00115,37.3,2.742647059,0.00596,2.05,11563.0,1.1563,43.12999,3.171322794,3.256927,0.440975,Agricultural,Nunemaker,,,16.0,69.0,5271.0,-95.215847,38.988681,P16_Ag,,,,,,,,2018,Cultivated Crops,Cultivated Crops,47.75578478,1.710170229,47.75578478,,,,,20045,7054.8,19566.8,5187.5,3421.4,40296.8,1713.4,1.2132852e-08,299.45386,286.4504,1047.7438,0.49105367
5277,97.3,2.74,11.8,0.00224,0.783,563734863.0,563.734863,Pontiac_Nat_125_F_Co,Pontiac,125.0,Nat,F,Co,5277.0,0.0247,9.79,0.7589147287,0.0037,1.19,16976.0,1.6976,16.619504,1.288333643,1.110813,0.694699,Natural,Pontiac,,,13.0,170.0,5277.0,-88.62446599,40.87326997,P13_Nat,,,,,,,,2018,"Developed, Low Intensity","Developed, Low Intensity",22.20994475,1.482814351,22.20994475,,,,,17105,13684.8,112573.9,19155.7,18440.1,195493.8,14489.9,2.3720114e-08,297.04355,284.3794,1066.926,0.35993263
5284,97.9,2.11,12.5,0.00186,0.761,549603326.0,549.603326,Pontoon_Nat_113_M_Co,Pontoon,113.0,Nat,M,Co,5284.0,1e-05,12.5,1.059322034,0.00462,0.561,13194.0,1.3194,16.4925,1.397669492,1.082069,0.238257,Natural,Pontoon,,,6.0,171.0,5284.0,-90.068054,38.699066,P6_Nat,,,,,,,,2018,"Developed, Low Intensity",Cultivated Crops,42.34383637,1.522509971,42.34383637,,,,,17119,10957.8,47218.0,11931.3,5652.4,93448.2,5852.5,3.0459518e-08,298.86435,286.64774,1022.4627,0.36846083
5285,96.8,3.15,14.0,0.00221,0.716,547517913.0,547.517913,Bradley_Ag_182_F_Co,Bradley,182.0,Ag,F,Co,5285.0,0.00469,26.5,2.12,0.00687,0.948,11301.0,1.1301,29.94765,2.395812,2.078357,0.217613,Agricultural,Bradley,,,14.0,164.0,5285.0,-87.81988903,41.16467102,P14_Ag,,,,,,,,2018,Cultivated Crops,Cultivated Crops,69.40071803,0.983290477,69.40071803,,,,,17091,7599.6,67040.6,9814.2,9303.1,108801.1,7824.2,2.6512279e-08,296.63098,283.97635,1040.8037,0.32317045
5287,97.4,2.6,15.5,0.00277,0.964,500892326.0,500.892326,Baldwin_Ag_159_F_Co,Baldwin,159.0,Ag,F,Co,5287.0,0.00622,17.7,1.264285714,0.00639,0.944,11155.0,1.1155,19.74435,1.410310714,1.273911,0.258148,Agricultural,Baldwin,,,17.0,145.0,5287.0,-95.171401,38.782048,P17_Ag,,,,,,,,2018,"Developed, Open Space",Pasture/Hay,45.95875139,1.717661031,45.95875139,,,,,20045,7054.8,19566.8,5187.5,3421.4,40296.8,1713.4,1.2132852e-08,299.45386,286.4504,1047.7438,0.49105367
5294,97.0,2.99,13.3,0.00197,0.677,561397884.0,561.397884,Blanchard_Nat_105_F_Wa,Blanchard,105.0,Nat,F,Wa,5294.0,0.0215,14.0,0.9032258065,0.00674,0.178,11394.0,1.1394,15.9516,1.029135484,1.066041,0.330232,Natural,Blanchard,,,2.0,39.0,5294.0,-83.81345096,41.03727398,P2_Nat,,,,,,,,2018,"Developed, Open Space",Cultivated Crops,88.44665561,0.5509650899,88.44665561,,,,,39063,18613.7,48696.8,2929.9,6853.9,109614.5,5550.2,2.747639e-08,296.08673,284.08786,990.5662,0.29595977
5296,97.5,2.51,13.0,0.00218,0.525,542481862.0,542.481862,Nunemaker_Ag_157_M_So,Nunemaker,157.0,Ag,M,So,5296.0,0.00533,42.7,3.210526316,0.00664,2.42,11606.0,1.1606,49.55762,3.726136842,3.667131,0.609717,Agricultural,Nunemaker,,,16.0,78.0,5296.0,-95.215847,38.988681,P16_Ag,,,,,,,,2018,Cultivated Crops,Cultivated Crops,47.75578478,1.710170229,47.75578478,,,,,20045,7054.8,19566.8,5187.5,3421.4,40296.8,1713.4,1.2132852e-08,299.45386,286.4504,1047.7438,0.49105367
5300,97.0,3.04,13.0,0.00306,0.918,521031982.0,521.031982,Pekin_Nat_23_F_Co,Pekin,23.0,Nat,F,Co,5300.0,0.0433,11.5,0.8846153846,0.00401,1.55,15640.0,1.564,17.986,1.383538462,1.020997,0.088522,Natural,Pekin,,,12.0,172.0,5300.0,-89.65567603,40.57469501,P12_Nat,,,,,,,,2018,"Developed, Medium Intensity",Cultivated Crops,29.4329184,1.881461538,29.4329184,,,,,17179,18770.4,66467.7,22680.2,5013.6,145886.1,4884.3,2.34655e-08,297.3527,284.3939,1084.3057,0.47166124
5312,96.8,3.23,11.6,0.00142,0.809,575441057.0,575.441057,Keysport_Nat_141_F_So,Keysport,141.0,Nat,F,So,5312.0,0.0282,12.4,0.9538461538,0.00622,0.225,11065.0,1.1065,13.7206,1.055430769,1.017607,0.340075,Natural,Keysport,,,5.0,175.0,5312.0,-89.277403,38.732444,P5_Nat,,,,,,,,2018,Water,Water,23.25131324,1.734988754,23.25131324,,,,,17027,13529.3,65777.3,8703.3,16995.6,103356.1,2734.1,3.4570604e-08,298.82028,286.79904,1015.1073,0.33375627
5316,96.6,3.44,12.2,0.00227,0.838,556450998.0,556.450998,Browning_Nat_121_M_Co,Browning,121.0,Nat,M,Co,5316.0,0.00845,13.5,1.163793103,0.00513,1.09,11134.0,1.1134,15.0309,1.295767241,1.00618,0.426651,Natural,Browning,,,11.0,176.0,5316.0,-90.36914203,40.12487104,P11_Nat,,,,,,,,2018,Emergent Herbaceous Wetlands,Emergent Herbaceous Wetlands,10.8130531,1.803900162,10.8130531,,,,,17169,3751.2,33578.0,5021.8,2793.5,48683.3,1251.0,2.3356357e-08,298.07678,285.13168,1087.3728,0.37279233
5317,97.4,2.61,13.1,0.00202,0.664,555748530.0,555.74853,Kansas_Nat_171_M_Co,Kansas,171.0,Nat,M,Co,5317.0,0.0216,12.9,1.057377049,0.00479,0.191,12152.0,1.2152,15.67608,1.28492459,1.026731,0.117816,Natural,Kansas,,,16.0,163.0,5317.0,-95.239938,39.001464,P16_Nat,,,,,,,,2018,Woody Wetlands,Cultivated Crops,39.82127897,1.933302765,39.82127897,,,,,20045,7054.8,19566.8,5187.5,3421.4,40296.8,1713.4,9.440709e-09,299.20645,285.90796,1073.8074,0.5576726
5320,97.2,2.78,14.9,0.00286,0.885,518257373.0,518.257373,Gascondale_Nat_85_M_Co,Gascondale,85.0,Nat,M,Co,5320.0,0.0199,15.4,1.175572519,0.00333,0.69,12133.0,1.2133,18.68482,1.426322137,1.191073,0.108859,Natural,Gascondale,,,9.0,138.0,5320.0,-91.55559699,38.66783702,P9_Nat,,,,,,,,2018,Barren Land,Deciduous Forest,22.9980604,1.839746041,22.9980604,,,,,29073,324.3,2936.2,183.5,4326.6,4947.6,596.0,2.4192978e-08,299.14294,286.57193,1032.7964,0.3882354
5321,97.4,2.61,13.2,0.00265,1.11,522437113.0,522.437113,Kansas_Nat_156_M_So,Kansas,156.0,Nat,M,So,5321.0,0.082,16.1,1.080536913,0.00819,1.31,10669.0,1.0669,17.17709,1.152824832,1.144478,0.430513,Natural,Kansas,,,16.0,178.0,5321.0,-95.239938,39.001464,P16_Nat,,,,,,,,2018,Woody Wetlands,Cultivated Crops,39.82127897,1.933302765,39.82127897,,,,,20045,7054.8,19566.8,5187.5,3421.4,40296.8,1713.4,9.440709e-09,299.20645,285.90796,1073.8074,0.5576726
5323,97.0,2.99,11.2,0.00188,0.654,570995144.0,570.995144,Greenup_Ag_140_M_Co,Greenup,140.0,Ag,M,Co,5323.0,0.00126,47.2,3.575757576,0.00556,0.611,11134.0,1.1134,52.55248,3.981248485,4.112547,0.773469,Agricultural,Greenup,,,4.0,44.0,5323.0,-88.139778,39.305104,P4_Ag,,,,,,,,2018,Cultivated Crops,Cultivated Crops,56.18442849,1.282806593,56.18442849,,,,,17035,9109.4,29150.7,11422.7,10059.2,58719.1,3004.6,3.3615564e-08,298.33832,286.11453,1032.1761,0.3376125
5325,96.6,3.44,15.8,0.00304,1.13,531450328.0,531.450328,Pekin_Nat_91_M_So,Pekin,91.0,Nat,M,So,5325.0,0.0325,16.2,1.446428571,0.00539,0.837,10965.0,1.0965,17.7633,1.586008929,1.031097,0.240118,Natural,Pekin,,,12.0,183.0,5325.0,-89.65567603,40.57469501,P12_Nat,,,,,,,,2018,"Developed, Medium Intensity",Cultivated Crops,29.4329184,1.881461538,29.4329184,,,,,17179,18770.4,66467.7,22680.2,5013.6,145886.1,4884.3,2.34655e-08,297.3527,284.3939,1084.3057,0.47166124
5326,96.2,3.78,13.6,0.00196,1.13,569607625.0,569.607625,Kakanee_Nat_95_M_Wa,Kakanee,95.0,Nat,M,Wa,5326.0,0.0316,15.1,0.9556962025,0.00809,0.882,10477.0,1.0477,15.82027,1.001282911,1.030279,0.605656,Natural,Kakanee,,,14.0,174.0,5326.0,-87.89857297,41.15132703,P14_Nat,,,,,,,,2018,"Developed, Low Intensity","Developed, Low Intensity",5.109085888,1.724995542,5.109085888,,,,,17091,7599.6,67040.6,9814.2,9303.1,108801.1,7824.2,2.6512279e-08,296.63098,283.97635,1040.8037,0.32317045
5329,96.9,3.14,12.9,0.00222,0.839,563866410.0,563.86641,Browning_Nat_55_M_Wa,Browning,55.0,Nat,M,Wa,5329.0,0.0289,13.2,0.9705882353,0.00625,1.63,11878.0,1.1878,15.67896,1.152864706,0.978522,0.458694,Natural,Browning,,,11.0,96.0,5329.0,-90.36914203,40.12487104,P11_Nat,,,,,,,,2018,Emergent Herbaceous Wetlands,Emergent Herbaceous Wetlands,10.8130531,1.803900162,10.8130531,,,,,17169,3751.2,33578.0,5021.8,2793.5,48683.3,1251.0,2.3356357e-08,298.07678,285.13168,1087.3728,0.37279233
5330,97.1,2.95,12.9,0.00226,0.672,556247924.0,556.247924,Blanchard_Nat_37_M_Co,Blanchard,37.0,Nat,M,Co,5330.0,0.171,24.1,1.868217054,0.0214,0.521,4464.0,0.4464,10.75824,0.833972093,1.049186,0.396784,Natural,Blanchard,,,2.0,98.0,5330.0,-83.81345096,41.03727398,P2_Nat,,,,,,,,2018,"Developed, Open Space",Cultivated Crops,88.44665561,0.5509650899,88.44665561,,,,,39063,18613.7,48696.8,2929.9,6853.9,109614.5,5550.2,2.747639e-08,296.08673,284.08786,990.5662,0.29595977
5333,97.1,2.86,12.9,0.00207,0.82,548960878.0,548.960878,Weston_Ag_70_M_Co,Weston,70.0,Ag,M,Co,5333.0,0.0306,14.8,1.147286822,0.00506,0.713,11470.0,1.147,16.9756,1.315937984,1.155373,0.379922,Agricultural,Weston,,,1.0,22.0,5333.0,-83.79889,41.37218297,P1_Ag,,,,,,,,2018,"Developed, Medium Intensity",Cultivated Crops,82.48962656,0.6960728422,82.48962656,,,,,39173,20519.3,51872.6,3321.8,7535.9,120506.6,6009.6,2.747639e-08,296.08673,284.08786,990.5662,0.29595977
5334,96.6,3.43,13.5,0.00219,0.925,567156192.0,567.156192,Browning_Nat_149_M_Wa,Browning,149.0,Nat,M,Wa,5334.0,0.027,13.8,1.069767442,0.00672,0.0,10738.0,1.0738,14.81844,1.148716279,0.995081,0.312909,Natural,Browning,,,11.0,184.0,5334.0,-90.36914203,40.12487104,P11_Nat,,,,,,,,2018,Emergent Herbaceous Wetlands,Emergent Herbaceous Wetlands,10.8130531,1.803900162,10.8130531,,,,,17169,3751.2,33578.0,5021.8,2793.5,48683.3,1251.0,2.3356357e-08,298.07678,285.13168,1087.3728,0.37279233
5337,96.1,3.94,12.6,0.00241,1.1,540859892.0,540.859892,Maume_Nat_103_M_Wa,Maume,103.0,Nat,M,Wa,5337.0,0.00305,11.4,0.8444444444,0.00658,3.58,15277.0,1.5277,17.41578,1.290057778,1.118316,0.364485,Natural,Maume,,,1.0,187.0,5337.0,-83.66247503,41.55656599,P1_Nat,,,,,,,,2018,"Developed, Low Intensity","Developed, Low Intensity",4.182825485,2.059166944,4.182825485,,,,,39095,4022.6,12178.8,617.0,1442.2,23929.0,1283.7,2.7012604e-08,296.11554,283.69983,1012.9189,0.2776276
5343,97.4,2.6,12.2,0.00263,0.929,563821797.0,563.821797,Greentree_Nat_47_M_So,Greentree,47.0,Nat,M,So,5343.0,0.0122,35.5,2.817460317,0.00512,1.92,11367.0,1.1367,40.35285,3.202607143,2.978259,0.884459,Natural,Greentree,,,7.0,38.0,5343.0,-90.447501,38.558781,P7_Nat,,,,,,,,2018,"Developed, Low Intensity","Developed, Open Space",0.996126176,1.933408582,0.996126176,,,,,29189,223.2,750.5,92.7,2855.7,2162.1,324.4,3.0459518e-08,298.86435,286.64774,1022.4627,0.36846083
5346,97.3,2.66,12.2,0.00245,0.796,538792752.0,538.792752,Greenup_Ag_110_M_Wa,Greenup,110.0,Ag,M,Wa,5346.0,0.0193,13.2,1.081967213,0.00558,0.362,10661.0,1.0661,14.07252,1.153485246,1.103935,0.209796,Agricultural,Greenup,,,4.0,13.0,5346.0,-88.139778,39.305104,P4_Ag,,,,,,,,2018,Cultivated Crops,Cultivated Crops,56.18442849,1.282806593,56.18442849,,,,,17035,9109.4,29150.7,11422.7,10059.2,58719.1,3004.6,3.3615564e-08,298.33832,286.11453,1032.1761,0.3376125
5348,97.1,2.88,16.4,0.00304,1.07,503688302.0,503.688302,Pekin_Nat_57_F_Co,Pekin,57.0,Nat,F,Co,5348.0,0.0189,17.9,1.467213115,0.00595,1.33,10968.0,1.0968,19.63272,1.609239344,1.165779,0.191303,Natural,Pekin,,,12.0,12.0,5348.0,-89.65567603,40.57469501,P12_Nat,,,,,,,,2018,"Developed, Medium Intensity",Cultivated Crops,29.4329184,1.881461538,29.4329184,,,,,17179,18770.4,66467.7,22680.2,5013.6,145886.1,4884.3,2.34655e-08,297.3527,284.3939,1084.3057,0.47166124
5357,96.6,3.38,13.8,0.00241,1.04,538116173.0,538.116173,Greenup_Ag_196_F_Co,Greenup,196.0,Ag,F,Co,5357.0,0.0183,14.4,0.8780487805,0.0048,2.39,12833.0,1.2833,18.47952,1.1268,1.11459,0.219389,Agricultural,Greenup,,,4.0,11.0,5357.0,-88.139778,39.305104,P4_Ag,,,,,,,,2018,Cultivated Crops,Cultivated Crops,56.18442849,1.282806593,56.18442849,,,,,17035,9109.4,29150.7,11422.7,10059.2,58719.1,3004.6,3.3615564e-08,298.33832,286.11453,1032.1761,0.3376125
5359,97.0,2.99,13.5,0.00197,0.654,561555240.0,561.55524,AgLaughrey_Ag_6_F_Wa,AgLaughrey,6.0,Ag,F,Wa,5359.0,0.00342,31.2,2.260869565,0.00649,1.57,11135.0,1.1135,34.7412,2.517478261,2.448496,0.322776,Agricultural,AgLaughrey,,,3.0,10.0,5359.0,-84.92674196,39.01893298,P3_Ag,,,,,,,,2018,"Developed, Low Intensity",Deciduous Forest,37.32374896,1.697355859,37.32374896,,,,,18029,2279.6,2392.4,277.7,1153.7,13143.0,1680.2,3.6089663e-08,297.56015,286.21942,961.5629,0.32453346
5368,97.4,2.59,13.8,0.00201,0.661,539475306.0,539.475306,Gascondale_Nat_17_F_Wa,Gascondale,17.0,Nat,F,Wa,5368.0,0.0019,33.7,2.496296296,0.00567,1.37,11530.0,1.153,38.8561,2.87822963,2.741301,0.451433,Natural,Gascondale,,,9.0,153.0,5368.0,-91.55559699,38.66783702,P9_Nat,,,,,,,,2018,Barren Land,Deciduous Forest,22.9980604,1.839746041,22.9980604,,,,,29073,324.3,2936.2,183.5,4326.6,4947.6,596.0,2.4192978e-08,299.14294,286.57193,1032.7964,0.3882354
5369,97.0,3.03,12.4,0.00244,0.745,532493473.0,532.493473,Kansas_Nat_31_F_Co,Kansas,31.0,Nat,F,Co,5369.0,0.014,11.0,0.7971014493,0.00323,3.37,27477.0,2.7477,30.2247,2.190195652,1.077909,0.240758,Natural,Kansas,,,16.0,9.0,5369.0,-95.239938,39.001464,P16_Nat,,,,,,,,2018,Woody Wetlands,Cultivated Crops,39.82127897,1.933302765,39.82127897,,,,,20045,7054.8,19566.8,5187.5,3421.4,40296.8,1713.4,9.440709e-09,299.20645,285.90796,1073.8074,0.5576726
5375,90.2,9.79,19.1,0.0109,1.03,251125492.0,251.125492,FoxRidge_Nat_41_F_Co,FoxRidge,41.0,Nat,F,Co,5375.0,0.141,21.0,1.693548387,0.0182,0.362,4722.0,0.4722,9.9162,0.7996935484,1.114667,0.196394,Natural,FoxRidge,,,4.0,8.0,5375.0,-88.163216,39.393248,P4_Nat,,,,,,,,2018,Woody Wetlands,Deciduous Forest,35.66105437,1.564507448,35.66105437,,,,,17029,15017.6,56152.7,17407.8,15476.6,100204.3,5063.0,3.3615564e-08,298.33832,286.11453,1032.1761,0.3376125
5377,97.3,2.73,13.3,0.00193,0.625,544680991.0,544.680991,Greentree_Nat_81_F_Wa,Greentree,81.0,Nat,F,Wa,5377.0,0.0222,12.5,0.6544502618,0.00358,0.657,13517.0,1.3517,16.89625,0.8846204188,1.107118,0.254838,Natural,Greentree,,,7.0,7.0,5377.0,-90.447501,38.558781,P7_Nat,,,,,,,,2018,"Developed, Low Intensity","Developed, Open Space",0.996126176,1.933408582,0.996126176,,,,,29189,223.2,750.5,92.7,2855.7,2162.1,324.4,3.0459518e-08,298.86435,286.64774,1022.4627,0.36846083
5378,96.9,3.12,11.7,0.0025,0.579,543214345.0,543.214345,Keysport_Nat_111_M_Wa,Keysport,111.0,Nat,M,Wa,5378.0,0.0154,12.0,0.9022556391,0.00427,0.83,12446.0,1.2446,14.9352,1.122947368,1.158623,0.116197,Natural,Keysport,,,5.0,6.0,5378.0,-89.277403,38.732444,P5_Nat,,,,,,,,2018,Water,Water,23.25131324,1.734988754,23.25131324,,,,,17027,13529.3,65777.3,8703.3,16995.6,103356.1,2734.1,3.4570604e-08,298.82028,286.79904,1015.1073,0.33375627
5380,97.0,2.97,18.2,0.00283,0.991,511656529.0,511.656529,Hickory_Ag_56_M_Co,Hickory,56.0,Ag,M,Co,5380.0,0.00334,19.6,1.675213675,0.00355,0.565,10844.0,1.0844,21.25424,1.816601709,1.13122,0.122019,Agricultural,Hickory,,,11.0,95.0,5380.0,-90.26269396,40.17519498,P11_Ag,,,,,,,,2018,"Developed, Low Intensity",Cultivated Crops,68.22585109,1.123717256,68.22585109,,,,,17169,3751.2,33578.0,5021.8,2793.5,48683.3,1251.0,2.3356357e-08,298.07678,285.13168,1087.3728,0.37279233
5381,97.4,2.59,12.0,0.00196,0.787,565790904.0,565.790904,Granite_Ag_12_F_Wa,Granite,12.0,Ag,F,Wa,5381.0,0.0166,10.9,0.5989010989,0.00584,0.202,12083.0,1.2083,13.17047,0.7236521978,0.97563,0.108648,Agricultural,Granite,,,6.0,5.0,5381.0,-90.065665,38.670222,P6_Ag,,,,,,,,2018,"Developed, Low Intensity",Cultivated Crops,56.39534884,1.530050444,56.39534884,,,,,17119,10957.8,47218.0,11931.3,5652.4,93448.2,5852.5,3.0459518e-08,298.86435,286.64774,1022.4627,0.36846083
5385,97.1,2.9,15.3,0.002,0.862,538461673.0,538.461673,FoxRidge_Nat_162_M_Co,FoxRidge,162.0,Nat,M,Co,5385.0,0.0267,15.7,1.308333333,0.0051,0.388,10405.0,1.0405,16.33585,1.361320833,1.000491,0.137205,Natural,FoxRidge,,,4.0,4.0,5385.0,-88.163216,39.393248,P4_Nat,,,,,,,,2018,Woody Wetlands,Deciduous Forest,35.66105437,1.564507448,35.66105437,,,,,17029,15017.6,56152.7,17407.8,15476.6,100204.3,5063.0,3.3615564e-08,298.33832,286.11453,1032.1761,0.3376125
5387,97.3,2.65,13.2,0.00281,1.0,521948161.0,521.948161,Hernan_Ag_167_F_So,Hernan,167.0,Ag,F,So,5387.0,0.0028,35.5,2.320261438,0.0068,2.64,10948.0,1.0948,38.8654,2.540222222,2.869221,0.619931,Agricultural,Hernan,,,9.0,121.0,5387.0,-91.51230698,38.63920603,P9_Ag,,,,,,,,2018,"Developed, Low Intensity",Deciduous Forest,37.58649322,1.626719696,37.58649322,,,,,29073,324.3,2936.2,183.5,4326.6,4947.6,596.0,2.4192978e-08,299.14294,286.57193,1032.7964,0.3882354
5389,97.3,2.66,12.5,0.00307,0.7,541043570.0,541.04357,Blanchard_Nat_137_F_So,Blanchard,137.0,Nat,F,So,5389.0,0.164,24.3,1.840909091,0.0199,0.839,4872.0,0.4872,11.83896,0.8968909091,1.078935,0.155271,Natural,Blanchard,,,2.0,45.0,5389.0,-83.81345096,41.03727398,P2_Nat,,,,,,,,2018,"Developed, Open Space",Cultivated Crops,88.44665561,0.5509650899,88.44665561,,,,,39063,18613.7,48696.8,2929.9,6853.9,109614.5,5550.2,2.747639e-08,296.08673,284.08786,990.5662,0.29595977
5393,97.1,2.92,13.8,0.00188,0.935,558304707.0,558.304707,Greenup_Ag_42_M_Co,Greenup,42.0,Ag,M,Co,5393.0,0.0203,13.7,1.096,0.00355,1.47,12150.0,1.215,16.6455,1.33164,1.04541,0.159673,Agricultural,Greenup,,,4.0,16.0,5393.0,-88.139778,39.305104,P4_Ag,,,,,,,,2018,Cultivated Crops,Cultivated Crops,56.18442849,1.282806593,56.18442849,,,,,17035,9109.4,29150.7,11422.7,10059.2,58719.1,3004.6,3.3615564e-08,298.33832,286.11453,1032.1761,0.3376125
5394,97.4,2.6,13.6,0.00204,0.676,541761522.0,541.761522,Chesterfield_Ag_146_M_Wa,Chesterfield,146.0,Ag,M,Wa,5394.0,0.00141,50.1,3.630434783,0.00553,1.32,11538.0,1.1538,57.80538,4.188795652,4.043677,0.58235,Agricultural,Chesterfield,,,7.0,3.0,5394.0,-90.63545798,38.66890403,P7_Ag,,,,,,,,2018,"Developed, Low Intensity","Developed, Medium Intensity",9.501385042,1.593606223,9.501385042,,,,,29189,223.2,750.5,92.7,2855.7,2162.1,324.4,2.632137e-08,298.78442,286.5387,1016.80695,0.39897746
5395,97.2,2.83,12.9,0.00188,0.729,562375880.0,562.37588,Greentree_Nat_13_M_So,Greentree,13.0,Nat,M,So,5395.0,0.0155,125.0,9.191176471,0.00759,3.28,7548.0,0.7548,94.35,6.9375,9.181159,2.141055,Natural,Greentree,,,7.0,2.0,5395.0,-90.447501,38.558781,P7_Nat,,,,,,,,2018,"Developed, Low Intensity","Developed, Open Space",0.996126176,1.933408582,0.996126176,,,,,29189,223.2,750.5,92.7,2855.7,2162.1,324.4,3.0459518e-08,298.86435,286.64774,1022.4627,0.36846083
5396,97.3,2.75,12.0,0.00212,0.816,560863726.0,560.863726,FoxRidge_Nat_177_M_Wa,FoxRidge,177.0,Nat,M,Wa,5396.0,0.0515,14.8,1.147286822,0.00501,1.5,10090.0,1.009,14.9332,1.157612403,1.015048,0.093582,Natural,FoxRidge,,,4.0,1.0,5396.0,-88.163216,39.393248,P4_Nat,,,,,,,,2018,Woody Wetlands,Deciduous Forest,35.66105437,1.564507448,35.66105437,,,,,17029,15017.6,56152.7,17407.8,15476.6,100204.3,5063.0,3.3615564e-08,298.33832,286.11453,1032.1761,0.3376125
5400,97.5,2.54,13.6,0.00295,0.882,513445143.0,513.445143,Hernan_Ag_148_M_Co,Hernan,148.0,Ag,M,Co,5400.0,0.0167,34.8,2.9,0.00498,1.77,11056.0,1.1056,38.47488,3.20624,2.793165,0.4582,Agricultural,Hernan,,,9.0,155.0,5400.0,-91.51230698,38.63920603,P9_Ag,,,,,,,,2018,"Developed, Low Intensity",Deciduous Forest,37.58649322,1.626719696,37.58649322,,,,,29073,324.3,2936.2,183.5,4326.6,4947.6,596.0,2.4192978e-08,299.14294,286.57193,1032.7964,0.3882354
HBO912,,,,,,,,,,,,Male,,,,,,,,,,,,,,Ag,"Minooka Rd & Route I-80, Minooka",,,,,,-88.308444,41.457917,HB0912,,,,,,,,2005,"Developed, Open Space",Cultivated Crops,53.1327629,1.612060243,53.1327629,,,,,17063,3342.7,25506.4,3742.1,4207.0,85059.3,5370.6,1.6407663e-08,297.2693,284.5689,1032.394,0.3955288
HBO913,,,,,,,,,,,,Male,,,,,,,,,,,,,,Ag,"Cooperstown, Brown County",,,,,,-90.611708,39.959059,HB0913,,,,,,,,2000,Cultivated Crops,Cultivated Crops,64.56889382,1.273455216,64.56889382,,,,,17009,2329.3,18302.5,3141.0,1735.4,28538.9,703.3,2.0973413e-08,296.56454,285.04398,1011.455,0.38533747
HBO978,,,,,,,,,,,,Female,,,,,,,,,,,,,,Ag,Madison,,,,,,-89.640556,38.779167,HBO978,,,,,,,,2005,"Developed, Open Space",Cultivated Crops,55.10091236,1.504749163,55.10091236,,,,,17119,10957.8,47218.0,11931.3,5652.4,93448.2,5852.5,2.0354964e-08,299.1253,287.33844,944.5401,0.5390249
HBO980,,,,,,,,,,,,both?,,,,,,,,,,,,,,Nat,Hancock,,,,,,-91.179467,40.634567,HBO980,,,,,,,,2009,"Developed, Medium Intensity",Water,11.19113573,1.694408449,11.19113573,,,,,17067,9391.2,90115.1,12872.7,7178.5,127461.6,3402.7,2.2837845e-08,295.0335,283.70688,952.7584,0.4184691
HBO982,,,,,,,,,,,,Female,,,,,,,,,,,,,,Dist,Randolph,,,,,,-89.893333,37.923333,HBO982,,,,,,,,2011,Cultivated Crops,Cultivated Crops,61.16182573,1.131460531,61.16182573,,,,,17157,12122.9,45676.9,9059.4,18117.4,97483.0,2521.6,2.2028395e-08,299.86295,287.70514,913.9996,0.77271366
HBO923,,,,,,,,,,,,Female,,,,,,,,,,,,,,Ag,Vigo,,,,,,-87.380135,39.43257,HBO923,,,,,,,,2007,"Developed, Open Space","Developed, Low Intensity",10.17650303,1.82699493,10.17650303,,,,,18167,11414.5,14049.6,10710.1,2300.6,53481.3,2959.8,1.5207029e-08,298.27838,286.83054,1011.9695,0.3777657
HBO932,,,,,,,,,,,,Male,,,,,,,,,,,,,,Ag,"Labette, Parsons",,,,,,-95.210223,37.29416,HBO932,,,,,,,,1994,Deciduous Forest,Cultivated Crops,66.75985463,1.355608826,66.75985463,,,,,20099,4794.7,36076.3,5840.0,4480.1,44691.5,7324.2,1.6043797e-08,298.95547,287.7793,886.48834,0.7676328
HBO950,,,,,,,,,,,,Male,,,,,,,,,,,,,,Ag,Lenawee Co,,,,,,-84.227971,41.766065,HBO950,,,,,,,,2001,Cultivated Crops,Cultivated Crops,60.9789823,1.223634438,60.9789823,,,,,26091,9734.5,32608.1,2153.2,18072.8,75165.0,7545.4,1.7626393e-08,294.61682,283.53232,881.7471,0.48909926
HBO979,,,,,,,,,,,,Female,,,,,,,,,,,,,,Nat,St. Charles,,,,,,-90.70705,38.665567,HBO979,,,,,,,,2009,Woody Wetlands,Woody Wetlands,5.857971815,1.396255348,5.857971815,,,,,29183,989.8,15110.8,530.1,19564.9,22434.9,2563.9,2.0773237e-08,296.88605,286.04666,888.49164,0.558424
HBO981,,,,,,,,,,,,Male,,,,,,,,,,,,,,Nat,Montgomery,,,,,,-91.592778,38.911389,HBO981,,,,,,,,2010,Woody Wetlands,Deciduous Forest,39.29561841,1.304061769,39.29561841,,,,,29139,1546.9,18247.4,801.7,26675.9,28623.1,3399.4,1.4879589e-08,299.30457,286.41693,1061.6721,0.5582136
HBO918,,,,,,,,,,,,Male,,,,,,,,,,,,,,Nat,Putnam Co.,,,,,,-84.15694444,41.03944444,HB0918,,,,,,,,1991,Cultivated Crops,Cultivated Crops,90.31543996,0.4154034825,90.31543996,,,,,39137,18041.9,42052.1,3032.0,6651.8,105016.6,5069.4,2.1846569e-08,296.112,284.56146,939.2775,0.3944681
